origin,position,horizon,ordering,n,spearman,all_tied,n_positive,auc,picks,hits,points_captured,misses,busts,boundary_ties
2014,QB,23,rank_future_sum,7,-0.48181205582971587,False,3,0.25,2,0.0,0.0,3.0,2.0,0
2014,RB,23,rank_future_sum,36,0.35574687917754644,False,12,0.6527777777777778,2,2.0,621.4,10.0,0.0,0
2014,TE,23,rank_future_sum,28,0.6912482541052813,False,3,0.8,2,1.0,271.5,2.0,0.0,0
2014,WR,23,rank_future_sum,47,0.5273027374298218,False,7,0.7392857142857143,2,0.0,237.5,7.0,0.0,0
2015,QB,23,rank_future_sum,9,-0.48535989707831934,False,2,0.42857142857142855,2,0.0,2.3600000000000003,2.0,0.0,0
2015,RB,23,rank_future_sum,31,0.6670152062598227,False,7,0.8392857142857143,2,1.0,655.5999999999999,6.0,0.0,0
2015,TE,23,rank_future_sum,28,0.4111448388922722,False,4,0.6875,2,1.0,127.7,3.0,1.0,0
2015,WR,23,rank_future_sum,50,0.5154136912323057,False,9,0.7669376693766937,2,2.0,483.6,7.0,0.0,0
2016,QB,23,rank_future_sum,12,0.3821018506402369,False,2,0.85,2,1.0,212.88,1.0,1.0,0
2016,RB,23,rank_future_sum,30,0.650831949019865,False,5,0.784,2,1.0,486.76,4.0,0.0,0
2016,TE,23,rank_future_sum,30,0.3474216965866658,False,4,0.7980769230769231,2,1.0,443.5,3.0,0.0,0
2016,WR,23,rank_future_sum,54,0.4376628316207777,False,8,0.7934782608695652,2,0.0,12.6,8.0,1.0,0
2017,QB,23,rank_future_sum,10,0.5741633988358115,False,1,1.0,2,1.0,650.38,0.0,1.0,0
2017,RB,23,rank_future_sum,34,0.6279794055026767,False,7,0.9365079365079365,2,2.0,800.4000000000001,5.0,0.0,0
2017,TE,23,rank_future_sum,33,0.5665381746001962,False,4,0.7155172413793104,2,0.0,129.5,4.0,0.0,0
2017,WR,23,rank_future_sum,59,0.6115927770531977,False,12,0.8670212765957447,2,2.0,726.0,10.0,0.0,0
2018,QB,23,rank_future_sum,8,0.5773502691896258,False,0,,2,0.0,2.1,0.0,1.0,0
2018,RB,23,rank_future_sum,37,0.4985462170688925,False,3,0.7647058823529411,2,0.0,90.2,3.0,0.0,0
2018,TE,23,rank_future_sum,25,0.5919484432960412,False,6,0.7192982456140351,2,0.0,83.7,6.0,0.0,0
2018,WR,23,rank_future_sum,48,0.5471591666746259,False,5,0.8604651162790697,2,1.0,331.4,4.0,0.0,0
2019,QB,23,rank_future_sum,9,-0.018257418583505537,False,0,,2,0.0,0.0,0.0,2.0,0
2019,RB,23,rank_future_sum,39,0.4451894003638372,False,8,0.7338709677419355,2,2.0,601.7,6.0,0.0,0
2019,TE,23,rank_future_sum,30,0.43904939678534677,False,5,0.672,2,0.0,143.3,5.0,0.0,0
2019,WR,23,rank_future_sum,46,0.3865048230209342,False,9,0.6696696696696697,2,0.0,41.0,9.0,1.0,0
2020,QB,23,rank_future_sum,10,-0.20133002296840144,False,0,,2,0.0,0.0,0.0,2.0,0
2020,RB,23,rank_future_sum,39,0.6941277131937802,False,5,0.8588235294117647,2,2.0,382.2,3.0,0.0,0
2020,TE,23,rank_future_sum,33,0.5313005441106585,False,3,0.8444444444444444,2,1.0,255.10000000000002,2.0,0.0,0
2020,WR,23,rank_future_sum,50,0.5188799806948771,False,6,0.7045454545454546,2,1.0,473.1,5.0,0.0,0
2021,QB,23,rank_future_sum,14,0.16792878188768798,False,1,0.9230769230769231,2,1.0,532.0,0.0,0.0,0
2021,RB,23,rank_future_sum,34,0.43922579443937443,False,3,0.6774193548387096,2,1.0,397.98,2.0,0.0,0
2021,TE,23,rank_future_sum,32,0.5353966273698714,False,1,0.7419354838709677,2,0.0,53.60000000000001,1.0,0.0,0
2021,WR,23,rank_future_sum,55,0.5470868090777301,False,4,0.8235294117647058,2,0.0,52.6,4.0,1.0,0
2022,QB,23,rank_future_sum,13,0.1387051532678974,False,1,0.4166666666666667,2,0.0,-0.8400000000000001,1.0,1.0,0
2022,RB,23,rank_future_sum,35,0.32932392171774283,False,3,0.8854166666666666,2,1.0,258.2,2.0,1.0,0
2022,TE,23,rank_future_sum,34,0.5674861696832493,False,6,0.9166666666666666,2,1.0,304.9,5.0,0.0,0
2022,WR,23,rank_future_sum,58,0.5015344958329991,False,7,0.8263305322128851,2,1.0,455.3,6.0,0.0,0
2014,QB,23,rank_future_year1,7,-0.555936987495826,False,3,0.16666666666666666,2,0.0,0.0,3.0,2.0,0
2014,RB,23,rank_future_year1,36,0.37299038935393763,False,12,0.6458333333333334,2,1.0,273.7,11.0,0.0,0
2014,TE,23,rank_future_year1,28,0.5532212275206518,False,3,0.7466666666666667,2,0.0,91.5,3.0,0.0,0
2014,WR,23,rank_future_year1,47,0.5280410843200387,False,7,0.7642857142857142,2,1.0,305.2,6.0,0.0,0
2015,QB,23,rank_future_year1,9,-0.5606743638663345,False,2,0.35714285714285715,2,0.0,2.3600000000000003,2.0,0.0,0
2015,RB,23,rank_future_year1,31,0.6399368851683995,False,7,0.8095238095238095,2,1.0,535.5999999999999,6.0,1.0,0
2015,TE,23,rank_future_year1,28,0.3540566369633052,False,4,0.6979166666666666,2,1.0,127.7,3.0,1.0,0
2015,WR,23,rank_future_year1,50,0.5071425224527157,False,9,0.7750677506775068,2,2.0,483.6,7.0,0.0,0
2016,QB,23,rank_future_year1,12,0.3821018506402369,False,2,0.85,2,1.0,212.88,1.0,1.0,0
2016,RB,23,rank_future_year1,30,0.640794582823975,False,5,0.776,2,1.0,486.76,4.0,0.0,0
2016,TE,23,rank_future_year1,30,0.30632397811519846,False,4,0.7980769230769231,2,1.0,443.5,3.0,0.0,0
2016,WR,23,rank_future_year1,54,0.4250047265773738,False,8,0.7853260869565217,2,0.0,12.6,8.0,1.0,0
2017,QB,23,rank_future_year1,10,0.6338167389745972,False,1,1.0,2,1.0,650.38,0.0,1.0,0
2017,RB,23,rank_future_year1,34,0.602978981297544,False,7,0.9470899470899471,2,2.0,800.4000000000001,5.0,0.0,0
2017,TE,23,rank_future_year1,33,0.5766669858266598,False,4,0.75,2,1.0,381.6,3.0,0.0,0
2017,WR,23,rank_future_year1,59,0.5759104764531121,False,12,0.8723404255319149,2,2.0,726.0,10.0,0.0,0
2018,QB,23,rank_future_year1,8,0.08247860988423225,False,0,,2,0.0,0.0,0.0,2.0,0
2018,RB,23,rank_future_year1,37,0.4547049788879191,False,3,0.7549019607843137,2,0.0,21.700000000000003,3.0,1.0,0
2018,TE,23,rank_future_year1,25,0.5923394264157876,False,6,0.7105263157894737,2,0.0,83.7,6.0,0.0,0
2018,WR,23,rank_future_year1,48,0.5191963188717957,False,5,0.8372093023255814,2,1.0,331.4,4.0,0.0,0
2019,QB,23,rank_future_year1,9,-0.018257418583505537,False,0,,2,0.0,0.0,0.0,2.0,0
2019,RB,23,rank_future_year1,39,0.3718248549855269,False,8,0.6612903225806451,2,1.0,409.5,7.0,1.0,0
2019,TE,23,rank_future_year1,30,0.4217569141498114,False,5,0.664,2,0.0,143.3,5.0,0.0,0
2019,WR,23,rank_future_year1,46,0.33205266818291757,False,9,0.6606606606606606,2,0.0,41.0,9.0,1.0,0
2020,QB,23,rank_future_year1,10,-0.38029004338475825,False,0,,2,0.0,0.0,0.0,2.0,0
2020,RB,23,rank_future_year1,39,0.6754769608816488,False,5,0.8470588235294118,2,2.0,382.2,3.0,0.0,0
2020,TE,23,rank_future_year1,33,0.48571708465407193,False,3,0.8111111111111111,2,0.0,197.8,3.0,0.0,0
2020,WR,23,rank_future_year1,50,0.5260085562810489,False,6,0.6893939393939394,2,1.0,448.3,5.0,0.0,0
2021,QB,23,rank_future_year1,14,0.09635257977162426,False,1,0.9230769230769231,2,1.0,532.0,0.0,0.0,0
2021,RB,23,rank_future_year1,34,0.4539252389968216,False,3,0.6881720430107527,2,1.0,397.98,2.0,0.0,0
2021,TE,23,rank_future_year1,32,0.5054204873541237,False,1,0.6451612903225806,2,0.0,141.2,1.0,0.0,0
2021,WR,23,rank_future_year1,55,0.5671729204869906,False,4,0.8186274509803921,2,0.0,52.6,4.0,1.0,0
2022,QB,23,rank_future_year1,13,0.16182267881254697,False,1,0.4166666666666667,2,0.0,-0.8400000000000001,1.0,1.0,0
2022,RB,23,rank_future_year1,35,0.3279680592770019,False,3,0.8333333333333334,2,1.0,258.2,2.0,1.0,0
2022,TE,23,rank_future_year1,34,0.5737915715686187,False,6,0.9226190476190477,2,2.0,475.79999999999995,4.0,0.0,0
2022,WR,23,rank_future_year1,58,0.49853432825963995,False,7,0.8207282913165266,2,1.0,455.3,6.0,0.0,0
2014,QB,23,rank_origin_points,7,-0.48181205582971587,False,3,0.25,2,0.0,0.0,3.0,2.0,0
2014,RB,23,rank_origin_points,36,0.37508973219719627,False,12,0.6701388888888888,2,2.0,621.4,10.0,0.0,0
2014,TE,23,rank_origin_points,28,0.5866753324472457,False,3,0.7333333333333333,2,0.0,91.5,3.0,0.0,0
2014,WR,23,rank_origin_points,47,0.4665226528630154,False,7,0.7642857142857142,2,0.0,237.5,7.0,0.0,0
2015,QB,23,rank_origin_points,9,-0.5126050420168068,False,2,0.14285714285714285,2,0.0,2.3600000000000003,2.0,0.0,0
2015,RB,23,rank_origin_points,31,0.7320095416676176,False,7,0.8333333333333334,2,1.0,655.5999999999999,6.0,0.0,0
2015,TE,23,rank_origin_points,28,0.29737563176342563,False,4,0.6979166666666666,2,1.0,163.39999999999998,3.0,1.0,0
2015,WR,23,rank_origin_points,50,0.4583608265223209,False,9,0.7723577235772358,2,1.0,305.1,8.0,1.0,0
2016,QB,23,rank_origin_points,12,0.21023189612213197,False,2,0.9,2,1.0,283.54,1.0,1.0,0
2016,RB,23,rank_origin_points,30,0.6499983891093009,False,5,0.776,2,1.0,486.76,4.0,0.0,0
2016,TE,23,rank_origin_points,30,0.37817465257232263,False,4,0.8557692307692307,2,0.0,122.1,4.0,0.0,0
2016,WR,23,rank_origin_points,54,0.3682557294269791,False,8,0.7595108695652174,2,1.0,161.9,7.0,1.0,0
2017,QB,23,rank_origin_points,10,-0.030773783440820268,False,1,0.2777777777777778,2,0.0,0.0,1.0,2.0,0
2017,RB,23,rank_origin_points,34,0.5734671800752345,False,7,0.9047619047619048,2,2.0,348.5,5.0,0.0,0
2017,TE,23,rank_origin_points,33,0.48913481612341797,False,4,0.6681034482758621,2,1.0,382.9,3.0,0.0,0
2017,WR,23,rank_origin_points,59,0.5327705686412603,False,12,0.851063829787234,2,2.0,592.8,10.0,0.0,0
2018,QB,23,rank_origin_points,8,0.6151246852292455,False,0,,2,0.0,2.1,0.0,1.0,0
2018,RB,23,rank_origin_points,37,0.4644158002818485,False,3,0.7549019607843137,2,0.0,123.2,3.0,0.0,0
2018,TE,23,rank_origin_points,25,0.50318641574025,False,6,0.6929824561403509,2,0.0,132.2,6.0,0.0,0
2018,WR,23,rank_origin_points,48,0.41488045224478726,False,5,0.8232558139534883,2,2.0,428.1,3.0,0.0,0
2019,QB,23,rank_origin_points,9,-0.48,False,0,,2,0.0,0.0,0.0,2.0,0
2019,RB,23,rank_origin_points,39,0.3781444975032246,False,8,0.6633064516129032,2,2.0,622.5,6.0,0.0,0
2019,TE,23,rank_origin_points,30,0.5887813864916924,False,5,0.744,2,2.0,642.3000000000001,3.0,0.0,0
2019,WR,23,rank_origin_points,46,0.31627579744366285,False,9,0.6591591591591591,2,1.0,289.5,8.0,0.0,0
2020,QB,23,rank_origin_points,10,-0.12832838666786217,False,0,,2,0.0,0.0,0.0,2.0,0
2020,RB,23,rank_origin_points,39,0.6727476984505824,False,5,0.7941176470588235,2,1.0,313.7,4.0,0.0,0
2020,TE,23,rank_origin_points,33,0.4979720562215213,False,3,0.7888888888888889,2,0.0,198.6,3.0,0.0,0
2020,WR,23,rank_origin_points,50,0.46142569118720134,False,6,0.6363636363636364,2,1.0,518.3,5.0,0.0,0
2021,QB,23,rank_origin_points,14,0.279278921381028,False,1,0.9230769230769231,2,1.0,532.0,0.0,0.0,0
2021,RB,23,rank_origin_points,34,0.42577330760397303,False,3,0.6935483870967742,2,1.0,397.98,2.0,0.0,0
2021,TE,23,rank_origin_points,32,0.4399511114320076,False,1,0.5806451612903226,2,0.0,141.2,1.0,0.0,0
2021,WR,23,rank_origin_points,55,0.49342218540382504,False,4,0.7279411764705882,2,0.0,52.6,4.0,1.0,0
2022,QB,23,rank_origin_points,13,0.5558587369677201,False,1,0.5833333333333334,2,0.0,21.48,1.0,1.0,0
2022,RB,23,rank_origin_points,35,0.05792709166505351,False,3,0.6875,2,1.0,258.2,2.0,1.0,0
2022,TE,23,rank_origin_points,34,0.5176692604677443,False,6,0.8869047619047619,2,1.0,304.9,5.0,0.0,0
2022,WR,23,rank_origin_points,58,0.4669093574718964,False,7,0.7647058823529411,2,1.0,450.8,6.0,0.0,0
2014,QB,23,rank_draft,7,0.29649972666444047,False,3,0.75,2,1.0,216.68,2.0,1.0,0
2014,RB,23,rank_draft,36,0.08005998432766434,False,12,0.5607638888888888,2,0.0,3.8,12.0,1.0,0
2014,TE,23,rank_draft,28,0.5248366373762322,False,3,0.92,2,1.0,369.6,2.0,0.0,0
2014,WR,23,rank_draft,47,0.12515703428470243,False,7,0.7214285714285714,2,1.0,125.5,6.0,1.0,0
2015,QB,23,rank_draft,9,-0.16736548175114463,False,2,0.5,2,1.0,120.28,1.0,0.0,0
2015,RB,23,rank_draft,31,0.2685103082965115,False,7,0.75,2,2.0,842.0999999999999,5.0,0.0,0
2015,TE,23,rank_draft,28,0.017019004552692826,False,4,0.765625,2,1.0,127.7,3.0,1.0,0
2015,WR,23,rank_draft,50,0.4887026700629007,False,9,0.8455284552845529,2,2.0,505.6,7.0,0.0,0
2016,QB,23,rank_draft,12,0.015595993903683134,False,2,0.85,2,1.0,283.54,1.0,1.0,0
2016,RB,23,rank_draft,30,0.30366410729198556,False,5,0.784,2,2.0,833.86,3.0,0.0,0
2016,TE,23,rank_draft,30,0.06961908593527238,False,4,0.5288461538461539,2,0.0,26.0,4.0,1.0,0
2016,WR,23,rank_draft,54,0.5622654671806968,False,8,0.8233695652173914,2,0.0,22.6,8.0,0.0,0
2017,QB,23,rank_draft,10,0.03728333758674101,False,1,1.0,2,1.0,650.38,0.0,1.0,0
2017,RB,23,rank_draft,34,0.4897706461031328,False,7,0.701058201058201,2,1.0,647.2,6.0,0.0,0
2017,TE,23,rank_draft,33,0.3443795816997617,False,4,0.5344827586206896,2,0.0,242.29999999999998,4.0,0.0,0
2017,WR,23,rank_draft,59,0.3199473953657547,False,12,0.7650709219858156,2,1.5,432.4,10.5,0.0,2
2018,QB,23,rank_draft,8,-0.08247860988423225,False,0,,2,0.0,0.0,0.0,2.0,0
2018,RB,23,rank_draft,37,0.49705922976340217,False,3,0.8186274509803921,2,1.0,349.9,2.0,0.0,0
2018,TE,23,rank_draft,25,0.5661435573927792,False,6,0.7456140350877193,2,2.0,506.5,4.0,0.0,0
2018,WR,23,rank_draft,48,0.05458438720998289,False,5,0.7,2,0.0,44.7,5.0,1.0,0
2019,QB,23,rank_draft,9,0.03651483716701107,False,0,,2,0.0,0.0,0.0,2.0,0
2019,RB,23,rank_draft,39,0.39228991883622194,False,8,0.7419354838709677,2,0.0,148.9,8.0,1.0,0
2019,TE,23,rank_draft,30,0.4698688098405687,False,5,0.708,2,2.0,519.9000000000001,3.0,0.0,0
2019,WR,23,rank_draft,46,0.034085192065577585,False,9,0.4159159159159159,2,0.0,46.6,9.0,0.0,0
2020,QB,23,rank_draft,10,0.29081003317657983,False,0,,2,0.0,0.0,0.0,2.0,0
2020,RB,23,rank_draft,39,0.487100378818424,False,5,0.8941176470588236,2,1.0,227.6,4.0,0.0,0
2020,TE,23,rank_draft,33,0.34643429187005753,False,3,0.6666666666666666,2,1.0,328.5,2.0,0.0,0
2020,WR,23,rank_draft,50,0.152189182723029,False,6,0.5852272727272727,2,0.0,45.2,6.0,1.0,0
2021,QB,23,rank_draft,14,0.46989135818897926,False,1,0.9230769230769231,2,1.0,532.0,0.0,0.0,0
2021,RB,23,rank_draft,34,0.5382872686308666,False,3,0.6666666666666666,2,0.0,137.8,3.0,0.0,0
2021,TE,23,rank_draft,32,0.10662399170158317,False,1,0.22580645161290322,2,0.0,33.5,1.0,1.0,0
2021,WR,23,rank_draft,55,0.33161306253359424,False,4,0.6593137254901961,2,0.0,52.6,4.0,1.0,0
2022,QB,23,rank_draft,13,0.280299997228876,False,1,0.9166666666666666,2,1.0,471.82,0.0,0.0,0
2022,RB,23,rank_draft,35,0.397426522567285,False,3,0.5416666666666666,2,0.0,82.30000000000001,3.0,0.0,0
2022,TE,23,rank_draft,34,0.28712647121914,False,6,0.5357142857142857,2,1.0,528.1,5.0,0.0,0
2022,WR,23,rank_draft,58,0.3244632204308029,False,7,0.6372549019607843,2,1.0,409.3,6.0,1.0,0
2014,QB,23,rank_persistence,7,-0.14824986333222023,False,3,0.4166666666666667,2,1.0,108.30000000000001,2.0,1.0,0
2014,RB,23,rank_persistence,36,0.3348134302865995,False,12,0.6527777777777778,2,1.0,191.6,11.0,1.0,0
2014,TE,23,rank_persistence,28,0.590601457998996,False,3,0.7066666666666667,2,0.0,91.5,3.0,0.0,0
2014,WR,23,rank_persistence,47,0.5040141562058273,False,7,0.7660714285714286,2,0.0,237.5,7.0,0.0,0
2015,QB,23,rank_persistence,9,-0.5126050420168068,False,2,0.14285714285714285,2,0.0,2.3600000000000003,2.0,0.0,0
2015,RB,23,rank_persistence,31,0.7281881461484709,False,7,0.8095238095238095,2,1.0,359.6,6.0,0.0,0
2015,TE,23,rank_persistence,28,0.2850078836771464,False,4,0.6770833333333334,2,1.0,163.39999999999998,3.0,1.0,0
2015,WR,23,rank_persistence,50,0.4842461484535366,False,9,0.7669376693766937,2,2.0,483.6,7.0,0.0,0
2016,QB,23,rank_persistence,12,0.30412188112182115,False,2,0.9,2,1.0,283.54,1.0,1.0,0
2016,RB,23,rank_persistence,30,0.6211908628948191,False,5,0.768,2,1.0,486.76,4.0,0.0,0
2016,TE,23,rank_persistence,30,0.39952140955055826,False,4,0.8365384615384616,2,0.0,122.1,4.0,0.0,0
2016,WR,23,rank_persistence,54,0.3262419988619611,False,8,0.7364130434782609,2,1.0,161.9,7.0,1.0,0
2017,QB,23,rank_persistence,10,0.23186036800810308,False,1,0.6666666666666666,2,0.0,0.0,1.0,2.0,0
2017,RB,23,rank_persistence,34,0.5260140488172679,False,7,0.9047619047619048,2,2.0,348.5,5.0,0.0,0
2017,TE,23,rank_persistence,33,0.469156308576667,False,4,0.6853448275862069,2,1.0,382.9,3.0,0.0,0
2017,WR,23,rank_persistence,59,0.550682165422537,False,12,0.8652482269503546,2,2.0,592.8,10.0,0.0,0
2018,QB,23,rank_persistence,8,0.5916079783099616,False,0,,2,0.0,2.1,0.0,1.0,0
2018,RB,23,rank_persistence,37,0.4551384364649002,False,3,0.7450980392156863,2,0.0,123.2,3.0,0.0,0
2018,TE,23,rank_persistence,25,0.5729156348930445,False,6,0.7280701754385965,2,1.0,321.0,5.0,0.0,0
2018,WR,23,rank_persistence,48,0.43753895817238825,False,5,0.827906976744186,2,2.0,453.8,3.0,0.0,0
2019,QB,23,rank_persistence,9,-0.3527811580208692,False,0,,2,0.0,0.0,0.0,2.0,0
2019,RB,23,rank_persistence,39,0.406193964796572,False,8,0.6471774193548387,2,1.0,542.9,7.0,0.0,0
2019,TE,23,rank_persistence,30,0.5005793694212419,False,5,0.712,2,1.0,293.0,4.0,0.0,0
2019,WR,23,rank_persistence,46,0.2803087581633205,False,9,0.6351351351351351,2,1.0,289.5,8.0,0.0,0
2020,QB,23,rank_persistence,10,-0.12714923406895978,False,0,,2,0.0,0.0,0.0,2.0,0
2020,RB,23,rank_persistence,39,0.6665738839562856,False,5,0.8117647058823529,2,2.0,382.2,3.0,0.0,0
2020,TE,23,rank_persistence,33,0.5048805890204334,False,3,0.8666666666666667,2,1.0,255.10000000000002,2.0,0.0,0
2020,WR,23,rank_persistence,50,0.4862384903212612,False,6,0.6325757575757576,2,1.0,518.3,5.0,0.0,0
2021,QB,23,rank_persistence,14,0.279278921381028,False,1,0.9230769230769231,2,1.0,532.0,0.0,0.0,0
2021,RB,23,rank_persistence,34,0.47696795145457876,False,3,0.6827956989247311,2,1.0,397.98,2.0,0.0,0
2021,TE,23,rank_persistence,32,0.4778087038107723,False,1,0.6129032258064516,2,0.0,141.2,1.0,0.0,0
2021,WR,23,rank_persistence,55,0.5339700877823537,False,4,0.7769607843137255,2,2.0,452.90000000000003,2.0,0.0,0
2022,QB,23,rank_persistence,13,0.2847586178663827,False,1,0.4166666666666667,2,0.0,21.48,1.0,1.0,0
2022,RB,23,rank_persistence,35,0.1387281081826052,False,3,0.6770833333333334,2,1.0,258.2,2.0,1.0,0
2022,TE,23,rank_persistence,34,0.5605743672914726,False,6,0.9166666666666666,2,2.0,475.79999999999995,4.0,0.0,0
2022,WR,23,rank_persistence,58,0.48011437661199263,False,7,0.7787114845938375,2,2.0,786.1,5.0,0.0,0
