player_id,origin,position,origin_points,origin_label_source,total_points_t,ppg_t,games_t,age,observed_history_seasons,draft_visible,draft_season,draft_round,draft_pick,nfl_years_since_draft,exclusion_reason,prior_seasons_checked,prior_no_record_seasons,policy_1,persistence_1,policy_2,persistence_2,policy_3,persistence_3,policy_4,persistence_4,policy_5,persistence_5,future_sum,future_year1,persistence_sum,label_sources,realized_sum,contributor_any,appeared,any_no_record,horizon,realized_points,rank_future_sum,rank_future_year1,rank_origin_points,rank_draft,rank_persistence
00-0034412,2020,QB,0.0,no_record_zero,0.0,,0,26.0,1,True,2018.0,6.0,199.0,3.0,,3,2,3.959716920461176,0.0,2.5683148767354367,0.0,5.235012408030846,0.0,8.22585213206021,0.0,4.110711704537776,0.0,20.139891121364272,3.959716920461176,0.0,no_record_zero+no_record_zero+no_record_zero+no_record_zero,0.0,False,False,True,2345,0.0,9.0,8.0,8.0,7.0,8.5
00-0034438,2020,QB,1.28,artifact_row,1.28,0.256,5,25.0,1,True,2018.0,7.0,249.0,3.0,,3,2,14.203234901356932,0.7501019199746366,7.397948033981756,0.6279463873417475,14.221566857015656,0.5409980274672994,13.669286219362284,0.4631038357414938,15.905542184248317,0.4000281659575155,51.19434329460802,14.203234901356932,2.032076416508056,no_record_zero+artifact_row+no_record_zero+no_record_zero,0.0,False,False,True,2345,0.0,4.0,4.0,6.0,10.0,7.0
00-0035146,2020,QB,9.3,artifact_row,9.3,4.6499999999999995,2,25.0,2,True,2019.0,6.0,197.0,2.0,,2,0,3.5341937086234543,5.449959262315718,7.357648390940325,4.562422970529884,6.8845588635954735,3.930688793317096,8.099394528929604,3.36473880655929,3.1498996613464145,2.9064546432850733,25.491501444811817,3.5341937086234543,14.764305213691342,artifact_row+no_record_zero+no_record_zero+no_record_zero,8.120000000000001,False,True,True,2345,8.120000000000001,7.0,9.0,4.0,6.0,4.0
00-0035251,2020,QB,0.0,no_record_zero,0.0,,0,25.0,1,True,2019.0,3.0,100.0,2.0,,2,1,1.8316722832677457,0.0,1.8483303948007517,0.0,3.8909928715419313,0.0,7.703779838126697,0.0,4.512151949623453,0.0,17.95525505409283,1.8316722832677457,0.0,no_record_zero+no_record_zero+no_record_zero+no_record_zero,0.0,False,False,True,2345,0.0,10.0,10.0,8.0,1.0,8.5
00-0035264,2020,QB,12.94,artifact_row,12.94,2.588,5,24.0,2,True,2019.0,4.0,133.0,2.0,,2,0,7.990383777789015,7.583061597243592,11.53092159241773,6.348145509532978,12.388820350142634,5.469151933927229,15.20262797048796,4.681690339449163,11.365886348704782,4.044034740226758,50.48825626175311,7.990383777789015,20.54302252313613,artifact_row+artifact_row+artifact_row+artifact_row,42.13999999999999,False,True,False,2345,42.13999999999999,5.0,6.0,3.0,3.0,3.0
00-0035282,2020,QB,-0.04,artifact_row,-0.04,-0.04,1,25.0,1,True,2019.0,5.0,166.0,2.0,,2,1,3.980680532292201,-0.0234406849992074,1.3278521137176722,-0.0196233246044296,7.750990047806337,-0.0169061883583531,6.560748598712893,-0.0144719948669216,7.887568317043896,-0.0125008801861723,23.5271590772808,3.980680532292201,-0.0635023880158766,no_record_zero+artifact_row+no_record_zero+no_record_zero,51.540000000000006,False,True,True,2345,51.540000000000006,8.0,7.0,10.0,4.0,10.0
00-0035652,2020,QB,19.16,artifact_row,19.16,4.79,4,26.0,2,True,2019.0,4.0,104.0,2.0,,2,0,22.503792724162818,11.228088114620345,16.461879713778092,9.399572485521782,16.38400106641209,8.098064223651138,15.711378387552534,6.932085541255485,11.6580503976158,5.987921609176561,60.215309565358524,22.503792724162818,30.417643859604965,no_record_zero+no_record_zero+no_record_zero+no_record_zero,0.0,False,False,True,2345,0.0,2.0,2.0,2.0,2.0,2.0
00-0036312,2020,QB,28.26,artifact_row,28.26,9.42,3,24.0,1,True,2020.0,6.0,189.0,1.0,,1,0,42.66069552432606,16.560843951940026,29.726177362389215,13.86387883302952,37.32617526588764,11.94422207517647,28.00839373380204,10.224464373480169,25.26748910313131,8.831871851530773,120.3282354652102,42.66069552432606,44.86443713321693,no_record_zero+no_record_zero+no_record_zero+no_record_zero,0.0,False,False,True,2345,0.0,1.0,1.0,1.0,5.0,1.0
00-0036384,2020,QB,6.960000000000001,artifact_row,6.960000000000001,3.4800000000000004,2,24.0,1,True,2020.0,7.0,231.0,1.0,,1,0,16.823881970129072,4.078679189862087,10.55951184642814,3.4144584811707523,18.00134555107396,2.94167677435344,14.68825055988251,2.5181271068443727,15.348132187661946,2.1751531523939907,58.597240145046555,16.823881970129072,11.049415514762556,no_record_zero+no_record_zero+no_record_zero+no_record_zero,0.0,False,False,True,2345,0.0,3.0,3.0,5.0,8.0,5.0
00-0036433,2020,QB,0.0,artifact_row,2.4000000000000004,2.4000000000000004,1,24.0,1,True,2020.0,7.0,240.0,1.0,,1,0,10.784095760666665,1.406441099952444,6.1860234572074715,1.177399476265777,13.713162606450089,1.0143713015011864,11.072993278935462,0.8683196920153008,12.034165710248269,0.7500528111703417,43.00634505284129,10.784095760666665,3.8101432809526057,no_record_zero+no_record_zero+no_record_zero+no_record_zero,0.0,False,False,True,2345,0.0,6.0,5.0,8.0,9.0,6.0
00-0034164,2020,RB,7.9,artifact_row,7.9,0.6583333333333333,12,26.0,3,True,2018.0,6.0,204.0,3.0,,3,0,7.582646884576725,4.024350449229369,5.866620883037118,2.919827534273769,5.085170733006351,2.0373733459645615,3.5057233473347287,1.3840451808915963,2.9610700900101365,0.9580079872350704,17.418585053388334,7.582646884576725,7.299254048364997,artifact_row+no_record_zero+no_record_zero+no_record_zero,0.0,False,True,True,2345,0.0,36.0,32.0,23.0,29.5,24.0
00-0034358,2020,RB,0.0,no_record_zero,0.0,,0,23.0,1,True,2018.0,2.0,59.0,3.0,,3,2,27.37739814293299,0.0,17.286022024857445,0.0,16.368805266226715,0.0,14.443298171571833,0.0,7.837271200257357,0.0,55.93539666291335,27.37739814293299,0.0,no_record_zero+no_record_zero+no_record_zero+no_record_zero,0.0,False,False,True,2345,0.0,25.0,24.0,35.5,3.0,35.5
00-0034378,2020,RB,54.7,artifact_row,57.3,4.0928571428571425,14,25.0,3,True,2018.0,4.0,126.0,3.0,,3,0,48.7845384642631,29.189276043144663,36.28488317566231,21.17798958403632,22.071367686199444,14.777404142249289,15.88360246769062,10.038707451277022,10.17199814027367,6.9485895782999405,84.41185146982605,48.7845384642631,52.942690755862564,no_record_zero+no_record_zero+no_record_zero+no_record_zero,0.0,False,False,True,2345,0.0,21.0,15.0,11.0,16.0,12.0
00-0034400,2020,RB,61.3,artifact_row,61.3,4.7153846153846155,13,26.0,3,True,2018.0,5.0,169.0,3.0,,3,0,48.07589291939643,31.226921840222825,30.958317533169907,22.656383272276205,19.07812867174874,15.808985583244004,12.631751082172814,10.739489821348716,7.636929002896661,7.433656913608837,70.30512628998812,48.07589291939643,56.63851559047776,artifact_row+no_record_zero+no_record_zero+no_record_zero,14.7,False,True,True,2345,14.7,23.0,17.0,8.0,22.0,11.0
00-0034414,2020,RB,85.7,artifact_row,95.6,5.9750000000000005,16,25.0,3,True,2018.0,6.0,201.0,3.0,,3,0,79.06610841182938,48.69973455016806,65.41943746985352,35.333609148933206,37.97454934605389,24.654796439773683,28.497691680872823,16.748698644713496,18.698093219143,11.593109313882623,150.58977171592323,79.06610841182938,88.330213547303,artifact_row+artifact_row+no_record_zero+no_record_zero,52.099999999999994,False,True,True,2345,52.099999999999994,10.0,4.0,4.0,28.0,3.0
00-0034432,2020,RB,3.1,artifact_row,3.1,3.1,1,24.0,2,True,2018.0,7.0,236.0,3.0,,3,1,13.476742847508184,1.579175492735575,10.539167306302485,1.1457551083859094,9.144315726474328,0.799475616770904,8.651894631611105,0.5431063368055632,4.796516562074856,0.3759271848643947,33.13189422646278,13.476742847508184,2.8642642468267714,no_record_zero+no_record_zero+no_record_zero+no_record_zero,0.0,False,False,True,2345,0.0,28.0,27.0,25.0,35.0,26.0
00-0034433,2020,RB,0.0,no_record_zero,0.0,,0,24.0,1,True,2018.0,7.0,237.0,3.0,,3,2,4.053707948408314,0.0,3.8243409231710586,0.0,5.481323532426071,0.0,5.30787826567802,0.0,3.7618387855593896,0.0,18.37538150683454,4.053707948408314,0.0,no_record_zero+artifact_row+no_record_zero+no_record_zero,11.5,False,True,True,2345,11.5,34.0,34.0,35.5,36.0,35.5
00-0034440,2020,RB,51.9,artifact_row,65.3,8.1625,8,24.0,3,True,2018.0,7.0,251.0,3.0,,3,0,64.83497382925088,33.264567637300985,45.253406150199616,24.13477696051609,32.52865792034644,16.840567024238716,22.562457134422672,11.44027219142041,14.10803311838417,7.918724248917733,114.4525543233529,64.83497382925088,60.33434042509295,artifact_row+no_record_zero+no_record_zero+no_record_zero,48.8,False,True,True,2345,48.8,14.0,11.0,14.0,39.0,9.0
00-0034679,2020,RB,0.0,no_record_zero,0.0,,0,23.0,2,True,2018.0,4.0,112.0,3.0,,3,1,13.595669991130508,0.0,9.590522753220505,0.0,10.729672006728745,0.0,10.555023397505089,0.0,6.264779465625353,0.0,37.139997623079694,13.595669991130508,0.0,no_record_zero+no_record_zero+no_record_zero+no_record_zero,0.0,False,False,True,2345,0.0,27.0,26.0,35.5,10.5,35.5
00-0034750,2020,RB,1.5,artifact_row,3.4000000000000004,1.1333333333333335,3,24.0,3,True,2018.0,1.0,27.0,3.0,,3,0,11.1129124325768,1.7319989275164374,9.822680296394626,1.2566346350039006,7.609518845440785,0.8768442248455076,8.843234882661633,0.5956650145609403,4.490180421135018,0.412307235012562,30.765614445632064,11.1129124325768,3.1414511094229107,artifact_row+artifact_row+no_record_zero+no_record_zero,55.400000000000006,False,True,True,2345,55.400000000000006,30.0,29.0,28.0,1.0,25.0
00-0034799,2020,RB,84.3,artifact_row,93.9,8.536363636363637,11,25.0,3,True,2018.0,4.0,131.0,3.0,,3,0,76.19987855896187,47.833735086409845,53.69523197850824,34.70529183143125,36.60231209430432,24.21637432735093,23.209695482461647,16.450866137433028,14.40673851860408,11.386955696376344,127.91397807387827,76.19987855896187,86.75948799259156,no_record_zero+no_record_zero+no_record_zero+no_record_zero,0.0,False,False,True,2345,0.0,13.0,7.0,5.0,17.0,4.0
00-0034808,2020,RB,0.0,no_record_zero,0.0,,0,24.0,2,True,2018.0,6.0,176.0,3.0,,3,1,2.934097844434215,0.0,3.1699551876730765,0.0,5.342642279430678,0.0,4.754660759423956,0.0,3.6525802320664287,0.0,16.91983845859414,2.934097844434215,0.0,no_record_zero+no_record_zero+artifact_row+no_record_zero,0.0,False,True,True,2345,0.0,37.0,35.0,35.5,24.0,35.5
00-0034972,2020,RB,57.4,artifact_row,86.9,6.684615384615385,13,22.0,2,True,2019.0,3.0,102.0,2.0,,2,0,86.47436010604791,44.26785494152306,72.50903433973811,32.11810287701146,53.58323477590851,22.411106805610174,48.74707678690634,15.22449698980756,31.116241784701582,10.538087859585774,205.95558768725454,86.47436010604791,80.29179453201496,artifact_row+artifact_row+artifact_row+no_record_zero,329.0,True,True,True,2345,329.0,3.0,3.0,9.0,9.0,6.0
00-0034975,2020,RB,10.9,artifact_row,13.0,1.0833333333333333,12,23.0,2,True,2019.0,4.0,113.0,2.0,,2,0,34.85691403144414,6.622348840504024,25.07073126027932,4.80477948677962,17.850024194162625,3.3526396832328227,21.06906308235757,2.2775427027330064,10.324794170237828,1.576468839753913,74.31461270703734,34.85691403144414,12.011430712499362,artifact_row+artifact_row+artifact_row+artifact_row,334.59999999999997,True,True,False,2345,334.59999999999997,22.0,22.0,22.0,12.0,23.0
00-0034995,2020,RB,0.8,artifact_row,0.8,0.8,1,23.0,2,True,2019.0,6.0,194.0,2.0,,2,0,1.9988162199713344,0.4075291594156323,4.305661304338475,0.2956787376479766,6.476063334383091,0.2063162881989429,5.9996604869853325,0.1401564740143389,3.8441670818196463,0.0970134670617792,20.625552207526543,1.9988162199713344,0.7391649669230375,no_record_zero+no_record_zero+no_record_zero+no_record_zero,0.0,False,False,True,2345,0.0,33.0,37.0,30.0,27.0,30.0
00-0035148,2020,RB,3.2,artifact_row,33.2,6.640000000000001,5,23.0,2,True,2019.0,6.0,214.0,2.0,,2,0,51.66052592366667,16.91246011574874,33.671144712255085,12.27066761239103,27.233368507476445,8.562125960256132,22.24077945364224,5.8164936715950635,12.109654655493264,4.026058883063841,95.25494732886703,51.66052592366667,30.675346127306064,no_record_zero+no_record_zero+no_record_zero+no_record_zero,0.0,False,False,True,2345,0.0,17.0,14.0,24.0,31.0,16.0
00-0035217,2020,RB,73.9,artifact_row,77.60000000000001,4.8500000000000005,16,22.0,2,True,2019.0,4.0,122.0,2.0,,2,0,77.7622933674555,39.53032846331634,69.13316413784011,28.68083755185373,48.618912970403734,20.012679955297468,45.99465148225741,13.595177979390872,30.35689345554378,9.41030630499259,194.10362204604502,77.7622933674555,71.69900179153466,artifact_row+no_record_zero+no_record_zero+no_record_zero,18.7,False,True,True,2345,18.7,4.0,5.0,7.0,14.0,8.0
00-0035268,2020,RB,0.0,no_record_zero,0.0,,0,24.0,1,True,2019.0,5.0,140.0,2.0,,2,1,9.888889550420172,0.0,6.555979529174398,0.0,7.569657289283972,0.0,7.69507846207236,0.0,4.466634818272686,0.0,26.287350098803415,9.888889550420172,0.0,no_record_zero+no_record_zero+no_record_zero+no_record_zero,0.0,False,False,True,2345,0.0,31.0,30.0,35.5,18.0,35.5
00-0035273,2020,RB,0.3,artifact_row,0.3,0.3,1,24.0,2,True,2019.0,5.0,152.0,2.0,,2,0,2.236176251007932,0.1528234347808621,4.060700791791509,0.1108795266179912,4.92690938656717,0.0773686080746036,5.5212306978641905,0.052558677755377,3.101623334203612,0.0363800501481672,17.610464210426482,2.236176251007932,0.277186862596139,artifact_row+no_record_zero+no_record_zero+no_record_zero,0.0,False,True,True,2345,0.0,35.0,36.0,31.0,20.0,31.0
00-0035275,2020,RB,0.0,no_record_zero,0.0,,0,25.0,1,True,2019.0,5.0,154.0,2.0,,2,1,1.988597958220062,0.0,2.228225916566368,0.0,4.0749895958896785,0.0,3.4036818978172376,0.0,2.807070923640161,0.0,12.513968333913445,1.988597958220062,0.0,no_record_zero+no_record_zero+no_record_zero+no_record_zero,0.0,False,False,True,2345,0.0,38.0,38.0,35.5,21.0,35.5
00-0035291,2020,RB,13.000000000000002,artifact_row,21.700000000000003,3.616666666666667,6,23.0,1,True,2019.0,6.0,182.0,2.0,,2,1,35.05401774296759,11.054228449149027,29.448173495707707,8.020285758701366,23.05327258418837,5.596329317396328,21.382583535324535,3.8017443576389423,11.765484438164885,2.631490294050763,85.6495140533855,35.05401774296759,20.0498497277874,artifact_row+artifact_row+artifact_row+artifact_row,37.2,False,True,False,2345,37.2,20.0,21.0,21.0,25.0,21.0
00-0035304,2020,RB,1.6,artifact_row,1.6,0.4,4,25.0,2,True,2019.0,7.0,220.0,2.0,,2,0,0.601363883861702,0.8150583188312647,1.6626077798280432,0.5913574752959533,3.789983352479657,0.4126325763978859,3.563632153860381,0.2803129480286778,2.3991575864972523,0.1940269341235585,11.415380872665335,0.601363883861702,1.4783299338460756,artifact_row+no_record_zero+no_record_zero+no_record_zero,0.0,False,True,True,2345,0.0,39.0,39.0,27.0,32.0,29.0
00-0035310,2020,RB,2.9000000000000004,artifact_row,2.9000000000000004,1.4500000000000002,2,24.0,1,True,2019.0,7.0,233.0,2.0,,2,1,9.14264948275462,1.4772932028816672,9.54909211840238,1.0718354239739152,9.135611309439373,0.7478965447211683,9.135530768424951,0.5080672183019785,4.806374018248476,0.3516738180989499,32.62660821451518,9.14264948275462,2.679473005096012,no_record_zero+no_record_zero+no_record_zero+no_record_zero,0.0,False,False,True,2345,0.0,29.0,31.0,26.0,34.0,27.5
00-0035537,2020,RB,54.5,artifact_row,63.3,5.754545454545455,11,23.0,2,True,2019.0,6.0,186.0,2.0,,2,0,67.6587143253022,32.24574473876191,50.975586932370035,23.395580116396147,37.184323240594786,16.324776303741363,31.878599237930704,11.089881006384564,18.32986150745387,7.676190581263285,138.3683709183494,67.6587143253022,58.486428007785356,artifact_row+artifact_row+artifact_row+artifact_row,238.39999999999998,False,True,False,2345,238.39999999999998,12.0,10.0,12.0,26.0,10.0
00-0035594,2020,RB,32.8,artifact_row,32.8,3.644444444444444,9,22.0,2,True,2019.0,6.0,204.0,2.0,,2,0,46.72667064561733,16.70869553604092,37.92398730412046,12.12282824356704,28.06964580709219,8.45896781615666,26.922662759606073,5.7464154345878935,15.842188522595515,3.9775521495329498,108.75848439341424,46.72667064561733,30.305763643844546,artifact_row+artifact_row+artifact_row+artifact_row,49.3,False,True,False,2345,49.3,15.0,18.0,16.0,29.5,17.0
00-0035596,2020,RB,0.0,no_record_zero,0.0,,0,24.0,1,True,2019.0,7.0,222.0,2.0,,2,1,5.4190068320080105,0.0,4.591182075205773,0.0,6.323964438250594,0.0,5.941856599023612,0.0,4.045038460264444,0.0,20.902041572744423,5.4190068320080105,0.0,no_record_zero+no_record_zero+no_record_zero+no_record_zero,0.0,False,False,True,2345,0.0,32.0,33.0,35.5,33.0,35.5
00-0035657,2020,RB,91.3,artifact_row,91.3,9.13,10,23.0,2,True,2019.0,3.0,87.0,2.0,,2,0,76.2206770645335,46.50926531830904,59.80526386480394,33.74433593407533,45.85347367781752,23.54584639070437,29.450260978484355,15.995357596886429,21.117948376746416,11.07166192842556,156.22694689785223,76.2206770645335,84.35720185009168,artifact_row+artifact_row+no_record_zero+no_record_zero,103.7,False,True,True,2345,103.7,9.0,6.0,2.0,7.0,5.0
00-0036245,2020,RB,15.2,artifact_row,24.700000000000003,2.744444444444445,9,23.0,1,True,2020.0,7.0,246.0,1.0,,1,0,37.897650661588166,12.582462796957648,33.18789810870813,9.12908102488128,24.30785290618846,6.370015398142364,23.40859663505119,4.327331135192713,13.08410474903833,2.9952907955324353,93.98845239898613,37.897650661588166,22.821718353748793,no_record_zero+no_record_zero+no_record_zero+no_record_zero,0.0,False,False,True,2345,0.0,18.0,19.0,20.0,38.0,18.0
00-0036251,2020,RB,98.5,artifact_row,110.3,7.878571428571428,14,23.0,1,True,2020.0,3.0,86.0,1.0,,1,0,91.738956631985,56.1880828544303,83.22064986977848,40.76670595321477,61.183969718398714,28.44585823542926,48.18696813975082,19.32407385472697,33.73150199432582,13.375731771142815,226.32308972225383,91.738956631985,101.91236981451381,artifact_row+artifact_row+artifact_row+no_record_zero,291.9,True,True,True,2345,291.9,2.0,2.0,1.0,6.0,2.0
00-0036265,2020,RB,40.0,artifact_row,47.0,4.2727272727272725,11,22.0,1,True,2020.0,2.0,62.0,1.0,,1,0,60.18088837491088,23.9423381156684,54.68861576267102,17.371125836818624,40.579472143233275,12.1210819316879,39.29164024371397,8.23419284834241,24.00500744590605,5.6995411898795325,158.5647355955243,60.18088837491088,43.42594180672847,artifact_row+artifact_row+no_record_zero+artifact_row,289.7,True,True,True,2345,289.7,8.0,13.0,15.0,4.0,15.0
00-0036269,2020,RB,52.50000000000001,artifact_row,52.50000000000001,5.250000000000001,10,22.0,1,True,2020.0,4.0,120.0,1.0,,1,0,64.78466711135671,26.74410108665087,57.60898876125896,19.403917158148463,43.58617343060583,13.539506413055634,40.69485662157443,9.19776860719099,25.10490095180288,6.366508775929266,166.9949197652421,64.78466711135671,48.507700954324356,no_record_zero+artifact_row+no_record_zero+no_record_zero,0.1,False,True,True,2345,0.1,7.0,12.0,13.0,13.0,14.0
00-0036278,2020,RB,1.4,artifact_row,2.9000000000000004,0.7250000000000001,4,22.0,1,True,2020.0,5.0,172.0,1.0,,1,0,16.60344595123672,1.4772932028816672,18.672340853620017,1.0718354239739152,15.834329560133757,0.7478965447211683,18.511076947005545,0.5080672183019785,9.618953811429186,0.3516738180989499,62.6367011721885,16.60344595123672,2.679473005096012,no_record_zero+no_record_zero+no_record_zero+no_record_zero,0.0,False,False,True,2345,0.0,24.0,25.0,29.0,23.0,27.5
00-0036297,2020,RB,16.099999999999998,artifact_row,16.2,2.6999999999999997,6,22.0,1,True,2020.0,3.0,93.0,1.0,,1,0,33.9826593583662,8.252465478166553,31.269101669658024,5.9874944373715255,24.832019987415094,4.177904836028595,25.915968563783707,2.838168598790362,14.205891595793526,1.96452270800103,96.22298181665036,33.9826593583662,14.968090580191511,artifact_row+artifact_row+artifact_row+no_record_zero,41.0,False,True,True,2345,41.0,16.0,23.0,19.0,8.0,22.0
00-0036336,2020,RB,21.0,artifact_row,22.700000000000003,2.063636363636364,11,21.0,1,True,2020.0,4.0,124.0,1.0,,1,0,48.48188203069159,11.563639898418566,47.55542681359596,8.389884180761337,35.36588884940546,5.854224677645006,41.02344144796278,3.976939950156866,23.91138476326242,2.752757127877987,147.85614187422664,48.48188203069159,20.973805936441195,artifact_row+artifact_row+no_record_zero+no_record_zero,9.200000000000001,False,True,True,2345,9.200000000000001,11.0,16.0,18.0,15.0,20.0
00-0036370,2020,RB,81.2,artifact_row,81.2,6.246153846153846,13,23.0,1,True,2020.0,4.0,112.0,1.0,,1,0,76.00354117317886,41.36420968068668,67.57514193281217,30.011391871269623,49.06838632273403,20.94110325219271,40.5295985251149,14.225882112455396,26.52519062718713,9.846866906770597,183.69831740784824,76.00354117317886,75.02524414268834,artifact_row+artifact_row+artifact_row+no_record_zero,123.0,False,True,True,2345,123.0,5.0,8.0,6.0,10.5,7.0
00-0036414,2020,RB,91.2,artifact_row,146.0,11.23076923076923,13,21.0,1,True,2020.0,2.0,52.0,1.0,,1,0,126.17726332918036,74.3740715933529,118.7679989312099,53.961369620755725,93.06097324820584,37.652722596307086,79.52904267857633,25.578556507616845,62.58296655808465,17.704957738774716,353.94098141607674,126.17726332918036,134.89760646345437,artifact_row+artifact_row+artifact_row+artifact_row,263.68,True,True,False,2345,263.68,1.0,1.0,3.0,2.0,1.0
00-0036425,2020,RB,56.900000000000006,artifact_row,56.900000000000006,6.322222222222223,9,22.0,1,True,2020.0,4.0,144.0,1.0,,1,0,70.0354511418838,28.98551146343685,60.80486927072422,21.030150215212338,46.88199008073519,14.674245998149818,42.43988776665194,9.968629214269852,26.353624751823023,6.900082844769051,176.48037186993437,70.0354511418838,52.573108272401065,artifact_row+artifact_row+artifact_row+artifact_row,74.19999999999999,False,True,False,2345,74.19999999999999,6.0,9.0,10.0,19.0,13.0
00-0036435,2020,RB,0.0,artifact_row,0.0,0.0,4,22.0,1,True,2020.0,7.0,245.0,1.0,,1,0,12.715684079475048,0.0,16.170597624193814,0.0,13.843257990229,0.0,17.040368404825113,0.0,8.731421865401964,0.0,55.78564588464989,12.715684079475048,0.0,no_record_zero+no_record_zero+no_record_zero+no_record_zero,0.0,False,False,True,2345,0.0,26.0,28.0,35.5,37.0,35.5
00-0036450,2020,RB,23.3,artifact_row,23.4,3.3428571428571425,7,23.0,1,True,2020.0,3.0,76.0,1.0,,1,0,36.21780953009889,11.920227912907244,30.852763906546375,8.648603076203313,23.59676136530336,6.034751429819081,22.087752965317897,4.0995768649194115,12.23943312142028,2.837643911557043,88.77671135858792,36.21780953009889,21.620575282498848,artifact_row+artifact_row+artifact_row+no_record_zero,11.6,False,True,True,2345,11.6,19.0,20.0,17.0,5.0,19.0
00-0034159,2020,TE,58.1,artifact_row,62.2,3.8875,16,24.0,3,True,2018.0,4.0,120.0,3.0,,3,0,85.03810988977742,35.44628505651124,70.75446240599894,28.091356793101102,51.86167609831801,21.616224626485455,43.56094518233012,16.147841929750705,51.96025835866148,12.41129812358561,218.13734204530857,85.03810988977742,78.26672147292287,artifact_row+artifact_row+artifact_row+artifact_row,227.5,False,True,False,2345,227.5,4.0,2.0,7.0,17.0,7.0
00-0034270,2020,TE,37.4,artifact_row,44.4,4.933333333333334,9,25.0,3,True,2018.0,5.0,157.0,3.0,,3,0,36.942968501790965,25.30249286992121,33.65361034244572,20.05235115134548,23.320217302696538,15.430231083857786,18.944610425337544,11.526755332490856,14.681036890484783,8.859511843845675,90.59947496096459,36.942968501790965,55.8688494115398,artifact_row+artifact_row+artifact_row+artifact_row,375.7,True,True,False,2345,375.7,15.0,15.0,11.0,24.0,10.0
00-0034364,2020,TE,81.80000000000001,artifact_row,83.7,6.438461538461539,13,28.0,3,True,2018.0,3.0,98.0,3.0,,3,0,64.61524029424426,47.698618315594715,51.405598321906766,37.80139169746885,36.1504488961293,29.08807075943461,25.84166121326483,21.72949147138479,17.793999719340437,16.701377056979346,131.19170815064135,64.61524029424426,105.32033098526759,artifact_row+artifact_row+artifact_row+no_record_zero,187.3,False,True,True,2345,187.3,11.0,7.0,2.0,11.0,3.0
00-0034365,2020,TE,39.6,artifact_row,40.5,3.1153846153846154,13,24.0,3,True,2018.0,4.0,101.0,3.0,,3,0,44.75184704592037,23.07997660432002,39.567801766202784,18.290995982646212,29.32891388514795,14.07487294811352,25.56445507547725,10.514270066799092,26.55674867061015,8.081311479183555,121.01791939743813,44.75184704592037,50.96145047674238,artifact_row+artifact_row+artifact_row+artifact_row,77.9,False,True,False,2345,77.9,13.0,14.0,10.0,12.5,11.0
00-0034393,2020,TE,12.5,artifact_row,22.0,3.142857142857143,7,25.0,2,True,2018.0,5.0,156.0,3.0,,3,1,23.167448182324975,12.53727124185285,20.188269487010928,9.9358496695856,12.695652755368885,7.645609996506109,9.934963784493016,5.711455344927902,7.596310865083328,4.389848210914524,50.41519689195616,23.167448182324975,27.682763221934138,no_record_zero+no_record_zero+no_record_zero+no_record_zero,0.0,False,False,True,2345,0.0,23.0,18.0,18.0,23.0,18.0
00-0034420,2020,TE,7.3,artifact_row,7.3,3.65,2,24.0,3,True,2018.0,6.0,211.0,3.0,,3,0,11.210665428508529,4.160094548432991,12.68078580393158,3.2968955721806754,7.672178772773148,2.536952407931573,6.2613510622696085,1.8951647280897128,4.263753719529549,1.4566314518034558,30.878069358503886,11.210665428508529,9.185644160005417,no_record_zero+no_record_zero+no_record_zero+no_record_zero,0.0,False,False,True,2345,0.0,25.0,24.0,19.0,28.0,20.0
00-0034439,2020,TE,30.9,artifact_row,30.9,3.0900000000000003,10,25.0,2,True,2018.0,7.0,250.0,3.0,,3,1,35.259972983616755,17.609167335147866,28.838616716771103,13.955352490463408,18.91070423260099,10.738606767819943,14.856407985326753,8.021998643557826,12.81218522142312,6.165741350784491,75.41791415612197,35.259972983616755,38.88169925262567,no_record_zero+no_record_zero+no_record_zero+no_record_zero,0.0,False,False,True,2345,0.0,17.0,16.0,14.0,31.0,14.0
00-0034798,2020,TE,53.5,artifact_row,58.8,4.523076923076923,13,25.0,3,True,2018.0,4.0,123.0,3.0,,3,0,45.45624405092938,33.50870677367944,40.21863830711443,26.555816389619693,30.890621400616595,20.43463035429815,26.168166408241714,15.265162467352756,22.533359535916983,11.732867036444274,119.81078565188973,45.45624405092938,73.98847624771487,artifact_row+artifact_row+artifact_row+artifact_row,119.50000000000001,False,True,False,2345,119.50000000000001,14.0,13.0,8.0,19.0,9.0
00-0034970,2020,TE,93.5,artifact_row,98.5,7.576923076923077,13,22.0,2,True,2019.0,2.0,50.0,2.0,,2,0,86.15101794692632,56.13278260556844,84.12185978533519,44.485508747917336,68.29911786550899,34.23148112072053,62.41059730336213,25.57174324888174,68.25131355045193,19.654547671594575,283.08288850465823,86.15101794692632,123.94328078911418,artifact_row+artifact_row+artifact_row+no_record_zero,84.3,False,True,True,2345,84.3,1.0,1.0,1.0,3.0,1.0
00-0034981,2020,TE,31.3,artifact_row,33.0,4.125,8,23.0,2,True,2019.0,4.0,137.0,2.0,,2,0,45.7310284910823,18.80590686277927,44.556005232276064,14.903774504378395,30.73826703273882,11.468414994759163,26.235395687218972,8.567183017391852,27.670063068081685,6.584772316371786,129.19973102031554,45.7310284910823,41.52414483290119,artifact_row+artifact_row+artifact_row+artifact_row,239.29999999999998,False,True,False,2345,239.29999999999998,12.0,12.0,13.0,21.0,13.0
00-0034988,2020,TE,26.6,artifact_row,29.2,1.9466666666666663,15,23.0,2,True,2019.0,6.0,176.0,2.0,,2,0,65.93532150279904,16.640378193731966,55.88426841100134,13.187582288722702,39.694448163532115,10.147809631726291,34.83973306897862,7.58065891235885,46.478294454682704,5.826525807213823,176.89674409819477,65.93532150279904,36.74257664002167,no_record_zero+no_record_zero+no_record_zero+no_record_zero,0.0,False,False,True,2345,0.0,7.0,6.0,17.0,25.0,16.0
00-0035222,2020,TE,0.0,no_record_zero,0.0,,0,24.0,1,True,2019.0,5.0,141.0,2.0,,2,1,2.7828207853565643,0.0,3.066154565239102,0.0,3.7573599910902415,0.0,2.8282138410310833,0.0,1.639138493238217,0.0,11.290866890598643,2.7828207853565643,0.0,artifact_row+no_record_zero+no_record_zero+no_record_zero,28.9,False,True,True,2345,28.9,32.0,28.0,30.0,22.0,30.5
00-0035249,2020,TE,0.0,no_record_zero,0.0,,0,23.0,1,True,2019.0,3.0,69.0,2.0,,2,1,5.2516779233228235,0.0,5.340035408312119,0.0,5.636395862778338,0.0,4.18366379702233,0.0,2.9513570258997173,0.0,18.111452094012503,5.2516779233228235,0.0,artifact_row+artifact_row+artifact_row+artifact_row,201.4,False,True,False,2345,201.4,27.0,27.0,30.0,5.0,30.5
00-0035259,2020,TE,1.5,artifact_row,1.5,0.5,3,25.0,2,True,2019.0,4.0,121.0,2.0,,2,0,0.0,0.8548139483081489,2.6527552815578455,0.6774442956535635,1.777133227919529,0.5212915906708712,1.8462643729552235,0.3894174098814478,1.5063547139738815,0.2993078325623539,7.78250759640648,0.0,1.8874611287682364,artifact_row+artifact_row+no_record_zero+no_record_zero,9.700000000000001,False,True,True,2345,9.700000000000001,33.0,33.0,25.0,18.0,26.0
00-0035308,2020,TE,0.0,no_record_zero,0.0,,0,25.0,1,True,2019.0,7.0,228.0,2.0,,2,1,8.903871845638715,0.0,5.885615946232775,0.0,5.655181574436404,0.0,3.683854039147967,0.0,1.785694740189016,0.0,17.010346300006162,8.903871845638715,0.0,artifact_row+no_record_zero+no_record_zero+no_record_zero,1.7000000000000002,False,True,True,2345,1.7000000000000002,28.0,26.0,30.0,30.0,30.5
00-0035320,2020,TE,0.0,artifact_row,0.0,0.0,1,24.0,1,True,2019.0,7.0,254.0,2.0,,2,1,0.647788705153652,0.0,5.801166313191231,0.0,4.286355861989724,0.0,3.2801825661195525,0.0,3.1307491496635698,0.0,16.49845389096408,0.647788705153652,0.0,no_record_zero+no_record_zero+no_record_zero+no_record_zero,0.0,False,False,True,2345,0.0,29.5,31.5,30.0,33.0,30.5
00-0035539,2020,TE,1.3,artifact_row,1.3,0.65,2,23.0,2,True,2019.0,7.0,224.0,2.0,,2,0,1.5285897884567647,0.7408387552003957,5.405567235499282,0.5871183895664217,3.599336786111208,0.4517860452480883,3.5366376121926737,0.3374950885639214,2.9741207337737983,0.2594001215540401,15.515662367576962,1.5285897884567647,1.6357996449324714,no_record_zero+no_record_zero+no_record_zero+no_record_zero,0.0,False,False,True,2345,0.0,31.0,29.0,26.0,29.0,27.0
00-0035624,2020,TE,70.2,artifact_row,73.9,5.684615384615385,13,23.0,2,True,2019.0,1.0,32.0,2.0,,2,0,71.41460349243157,42.1138338533148,65.08686570348736,33.3754222991989,50.14741287260125,25.68229903371825,44.18653146168932,19.185297726825997,45.709039499068936,14.74589921757197,205.12984953684685,71.41460349243157,92.98891827731512,artifact_row+no_record_zero+no_record_zero+no_record_zero,22.9,False,True,True,2345,22.9,6.0,4.0,4.0,1.0,5.0
00-0035631,2020,TE,75.4,artifact_row,78.9,4.93125,16,24.0,2,True,2019.0,2.0,52.0,2.0,,2,0,62.43901733231009,44.96321368100863,53.07203408349232,35.63356995137744,42.92657512415974,27.419937669287823,37.67258200189684,20.48335575976416,34.89019817078412,15.743591992779816,168.56138938033303,62.43901733231009,99.28045537320924,artifact_row+artifact_row+artifact_row+artifact_row,107.7,False,True,False,2345,107.7,8.0,9.0,3.0,4.0,4.0
00-0035660,2020,TE,6.5,artifact_row,6.5,1.625,4,23.0,1,True,2019.0,3.0,86.0,2.0,,2,1,14.030667395939474,3.7041937760019783,19.275264042758213,2.9355919478321084,12.963176944548325,2.258930226240442,10.126958497156595,1.6874754428196073,10.89098694501158,1.2970006077702003,53.256386429474716,14.030667395939474,8.178998224662358,no_record_zero+no_record_zero+no_record_zero+no_record_zero,0.0,False,False,True,2345,0.0,22.0,23.0,20.0,7.0,22.0
00-0035671,2020,TE,29.4,artifact_row,29.4,3.675,8,24.0,2,True,2019.0,3.0,75.0,2.0,,2,0,30.352412025450477,16.754353386839718,27.547150278973056,13.277908194809845,18.314891935471344,10.217315177149072,15.095853634856663,7.632581233676377,12.60635515773689,5.866433518222136,73.56425100703795,30.352412025450477,36.99423812385743,no_record_zero+no_record_zero+no_record_zero+no_record_zero,0.0,False,False,True,2345,0.0,18.0,17.0,15.0,6.0,15.0
00-0035689,2020,TE,61.9,artifact_row,95.3,6.807142857142857,14,24.0,2,True,2019.0,3.0,96.0,2.0,,2,0,77.5458303948744,54.30917951584439,72.22049861400231,43.04029425052307,58.54377993277467,33.11939239395601,51.56006953579048,24.74098610780132,51.6662880402409,19.016024295461552,233.99063612280838,77.5458303948744,119.91669704774195,artifact_row+artifact_row+artifact_row+artifact_row,323.2,True,True,False,2345,323.2,3.0,3.0,5.0,10.0,2.0
00-0036194,2020,TE,0.0,artifact_row,11.9,2.975,4,23.0,1,True,2020.0,3.0,91.0,1.0,,1,0,20.89348426992607,6.781523989911315,25.86612461597164,5.374391412184938,17.154445770131904,4.135579952655577,13.304370563318836,3.0893781183928195,13.701699238140684,2.374508804994674,70.02664018756306,20.89348426992607,14.973858288228008,artifact_row+no_record_zero+no_record_zero+no_record_zero,2.5,False,True,True,2345,2.5,20.0,19.0,30.0,8.0,19.0
00-0036225,2020,TE,3.0,artifact_row,4.6,1.5333333333333332,3,21.0,1,True,2020.0,3.0,101.0,1.0,,1,0,14.488843680920787,2.6214294414783232,23.57482790179548,2.077495840004261,16.631014004550906,1.5986275447240046,14.24469716361387,1.1942133903031067,17.353496736600643,0.9178773531912188,71.8040358065609,14.488843680920787,5.788214128222592,no_record_zero+no_record_zero+no_record_zero+no_record_zero,0.0,False,False,True,2345,0.0,19.0,21.0,23.0,12.5,23.0
00-0036232,2020,TE,61.8,artifact_row,61.8,4.753846153846154,13,22.0,1,True,2020.0,4.0,115.0,1.0,,1,0,64.27449879900493,35.21833467029573,63.77613030836377,27.910704980926816,50.03098493009555,21.47721353563989,44.11985796607715,16.04399728711565,50.11308478254759,12.331482701568982,208.04005798708405,64.27449879900493,77.76339850525135,artifact_row+artifact_row+artifact_row+artifact_row,115.89999999999999,False,True,False,2345,115.89999999999999,5.0,8.0,6.0,15.0,8.0
00-0036244,2020,TE,3.6,artifact_row,3.6,3.6,1,21.0,1,True,2020.0,4.0,133.0,1.0,,1,0,19.06483757235326,2.0515534759395573,29.459084719827786,1.6258663095685526,19.74732456411294,1.2510998176100907,16.523082322138226,0.9346017837154748,18.80278930757689,0.7183387981496494,84.53228091365584,19.06483757235326,4.529906709043767,artifact_row+artifact_row+artifact_row+artifact_row,294.4,False,True,False,2345,294.4,16.0,20.0,22.0,20.0,24.0
00-0036250,2020,TE,0.0,artifact_row,0.0,0.0,1,23.0,1,True,2020.0,6.0,206.0,1.0,,1,0,1.4209727297590946,0.0,7.702396724807753,0.0,5.714234479741694,0.0,4.540690658026459,0.0,4.785993782694205,0.0,22.743315645270112,1.4209727297590946,0.0,artifact_row+no_record_zero+no_record_zero+no_record_zero,6.6,False,True,True,2345,6.6,26.0,30.0,30.0,27.0,30.5
00-0036290,2020,TE,52.9,artifact_row,66.6,4.1625,16,21.0,1,True,2020.0,2.0,43.0,1.0,,1,0,70.77904665834404,37.95373930488181,69.21829424131035,30.078526727018215,56.73760243023362,23.145346625786676,52.37341187042113,17.290132998736283,62.72727066319868,13.289267765768512,241.05657920516379,70.77904665834404,83.80327411730968,artifact_row+artifact_row+artifact_row+artifact_row,496.80000000000007,True,True,False,2345,496.80000000000007,2.0,5.0,9.0,2.0,6.0
00-0036332,2020,TE,2.2,artifact_row,2.2,2.2,1,23.0,1,True,2020.0,3.0,94.0,1.0,,1,0,9.451057113963596,1.253727124185285,15.676918224783895,0.99358496695856,10.365439925434467,0.7645609996506111,7.899959080728411,0.5711455344927902,7.775808863421039,0.4389848210914524,41.71812609436781,9.451057113963596,2.7682763221934135,artifact_row+artifact_row+artifact_row+artifact_row,44.9,False,True,False,2345,44.9,24.0,25.0,24.0,9.0,25.0
00-0036422,2020,TE,36.6,artifact_row,39.5,3.590909090909091,11,23.0,1,True,2020.0,3.0,105.0,1.0,,1,0,47.624491873468806,22.510100638781257,47.27402193501731,17.839366452210506,34.73983486628633,13.727345220999606,28.886003277414215,10.25465846021146,32.260475610484434,7.881772924141987,143.16033568920227,47.624491873468806,49.70314305756355,artifact_row+artifact_row+artifact_row+artifact_row,188.5,False,True,False,2345,188.5,10.0,11.0,12.0,14.0,12.0
00-0036423,2020,TE,29.1,artifact_row,29.1,7.275,4,22.0,1,True,2020.0,4.0,118.0,1.0,,1,0,48.06942348621725,16.58339059717809,55.35647804689083,13.142419335679133,37.25667091095288,10.1130568590149,30.687965268713516,7.554697751700089,31.96285316325559,5.806571951709666,155.26396738981282,48.06942348621725,36.61674589810379,artifact_row+artifact_row+no_record_zero+artifact_row,34.1,False,True,True,2345,34.1,9.0,10.0,16.0,16.0,17.0
00-0036429,2020,TE,5.300000000000001,artifact_row,6.6000000000000005,1.65,4,23.0,1,True,2020.0,6.0,190.0,1.0,,1,0,14.154428378645116,3.761181372555855,19.39289729042203,2.9807549008756795,13.03744496796128,2.2936829989518333,10.182568612971844,1.7134366034783706,10.940089636435111,1.3169544632743573,53.553000507790266,14.154428378645116,8.30482896658024,artifact_row+artifact_row+artifact_row+artifact_row,27.6,False,True,False,2345,27.6,21.0,22.0,21.0,26.0,21.0
00-0036438,2020,TE,0.0,artifact_row,0.0,0.0,1,24.0,1,True,2020.0,7.0,251.0,1.0,,1,0,0.647788705153652,0.0,5.801166313191231,0.0,4.286355861989724,0.0,3.2801825661195525,0.0,3.1307491496635698,0.0,16.49845389096408,0.647788705153652,0.0,artifact_row+artifact_row+artifact_row+no_record_zero,31.1,False,True,True,2345,31.1,29.5,31.5,30.0,32.0,30.5
00-0034267,2020,WR,2.6,artifact_row,2.6,2.6,1,25.0,2,True,2018.0,4.0,132.0,3.0,,3,1,1.6978291271293189,1.392078754873836,2.0015690943545006,1.0646033724045478,1.1283642901725948,0.8108060575937104,0.9542237652272164,0.6061698543675321,1.8518956902848305,0.4380748485152481,5.936052840039142,1.6978291271293189,2.9196541328810386,no_record_zero+no_record_zero+no_record_zero+no_record_zero,0.0,False,False,True,2345,0.0,47.0,47.0,40.0,18.0,41.0
00-0034273,2020,WR,10.3,artifact_row,10.3,2.06,5,25.0,3,True,2018.0,6.0,175.0,3.0,,3,0,8.492093766686706,5.514773528923273,6.486121312114708,4.21746720606417,4.575178726947332,3.212039382005853,3.5265526852689453,2.4013651923021464,3.4735842293063595,1.7354503614257906,18.061436953637347,8.492093766686706,11.56632214179796,no_record_zero+no_record_zero+no_record_zero+no_record_zero,0.0,False,False,True,2345,0.0,43.0,42.0,33.0,28.0,36.0
00-0034279,2020,WR,25.4,artifact_row,31.1,3.1100000000000003,10,24.0,2,True,2018.0,6.0,207.0,3.0,,3,1,35.02949845188884,16.651403567913963,28.037812223334218,12.734294185300552,23.056141065022537,9.698487842755537,21.043436879944093,7.250724027242404,16.299996467247507,5.240049149547776,88.43738663554836,35.02949845188884,34.92355520484627,artifact_row+artifact_row+no_record_zero+no_record_zero,71.80000000000001,False,True,True,2345,71.80000000000001,27.0,26.0,26.0,37.0,26.0
00-0034286,2020,WR,58.80000000000001,artifact_row,68.4,6.840000000000001,10,25.0,3,True,2018.0,7.0,240.0,3.0,,3,0,56.52548898107603,36.622379551296305,50.84949154859349,28.00725795095041,39.55362208906679,21.330436284388384,30.882966321787436,15.946930014899694,17.775700453116368,11.524738322478065,139.06178041256408,56.52548898107603,76.80936257271657,artifact_row+artifact_row+no_record_zero+no_record_zero,156.4,True,True,True,2345,156.4,19.0,16.0,9.0,47.0,9.0
00-0034339,2020,WR,0.0,artifact_row,0.0,0.0,1,25.0,3,True,2018.0,7.0,256.0,3.0,,3,0,0.0,0.0,0.7432400570498685,0.0,0.9645935847097952,0.0,0.7082587918290074,0.0,1.0011946479105138,0.0,3.417287081499185,0.0,0.0,no_record_zero+no_record_zero+no_record_zero+no_record_zero,0.0,False,False,True,2345,0.0,50.0,50.0,46.0,50.0,46.5
00-0034366,2020,WR,74.0,artifact_row,89.0,11.125,8,23.0,3,True,2018.0,4.0,103.0,3.0,,3,0,95.29814066291276,47.65192660914285,84.80543878467263,36.442192363078746,69.77534967112999,27.754515048400087,59.25545274898123,20.749660399503984,39.11441213765978,14.995639045329646,252.95065334244362,95.29814066291276,99.94200685631245,artifact_row+no_record_zero+no_record_zero+no_record_zero,1.0,False,True,True,2345,1.0,7.0,2.0,7.0,14.5,5.0
00-0034370,2020,WR,58.5,artifact_row,62.3,5.191666666666666,12,25.0,3,True,2018.0,4.0,113.0,3.0,,3,0,52.99686485401941,33.35634862639999,42.92013224878999,25.50953465415512,33.08232105355338,19.42816053388006,25.459959906801704,14.524762279652789,16.249776428751293,10.496947331730752,117.71218963789636,52.99686485401941,69.95940479941872,no_record_zero+no_record_zero+no_record_zero+no_record_zero,0.0,False,False,True,2345,0.0,23.0,19.0,10.0,16.0,13.0
00-0034386,2020,WR,16.4,artifact_row,16.4,2.05,8,24.0,3,True,2018.0,5.0,144.0,3.0,,3,0,17.367695669535006,8.780804453819579,13.540580745905238,6.715190502859455,10.760258847112224,5.1143151325141725,9.2419996537582,3.823532927549048,7.372072556000944,2.763241352173103,40.91491180277661,17.367695669535006,18.416279915095778,artifact_row+artifact_row+artifact_row+artifact_row,207.20000000000002,False,True,False,2345,207.20000000000002,36.0,35.0,30.0,20.0,30.0
00-0034395,2020,WR,4.300000000000001,artifact_row,4.300000000000001,2.1500000000000004,2,25.0,1,True,2018.0,5.0,159.0,3.0,,3,2,8.048510625838972,2.3022840945990364,6.735771632622391,1.7606901928229062,4.863541348807978,1.3409484798665212,4.312607695933101,1.0025116822232265,4.474258981026799,0.7245084033136796,20.38617965839027,8.048510625838972,4.828658758226333,no_record_zero+no_record_zero+no_record_zero+no_record_zero,0.0,False,False,True,2345,0.0,42.0,43.0,37.0,22.0,39.0
00-0034406,2020,WR,0.0,no_record_zero,0.0,,0,24.0,1,True,2018.0,6.0,185.0,3.0,,3,2,3.6847561511379334,0.0,4.481554016482869,0.0,3.843781301870648,0.0,3.461414190245,0.0,3.2563147352136004,0.0,15.043064243812116,3.6847561511379334,0.0,no_record_zero+no_record_zero+no_record_zero+no_record_zero,0.0,False,False,True,2345,0.0,44.0,44.0,46.0,30.0,46.5
00-0034407,2020,WR,32.5,artifact_row,34.2,2.011764705882353,17,24.0,3,True,2018.0,6.0,187.0,3.0,,3,0,27.20874475634648,18.311189775648153,23.376381187257813,14.003628975475204,20.49010321092589,10.665218142194192,18.866001698537744,7.973465007449847,15.366348940684516,5.762369161239032,78.09883503740596,27.20874475634648,38.40468128635827,artifact_row+artifact_row+artifact_row+artifact_row,226.50000000000003,True,True,False,2345,226.50000000000003,29.0,30.0,23.0,32.0,24.0
00-0034418,2020,WR,50.32000000000001,artifact_row,51.620000000000005,3.970769230769231,13,25.0,2,True,2018.0,6.0,208.0,3.0,,3,1,36.47997199539776,27.63811743330285,27.02118633118169,21.136471570585677,18.907122282424147,16.097618728072053,13.87088337014138,12.034803031712311,11.132197851578066,8.697470646291196,70.93138983532528,36.47997199539776,57.96636397666124,artifact_row+artifact_row+artifact_row+artifact_row,148.74,False,True,False,2345,148.74,31.0,24.0,17.0,38.5,19.0
00-0034419,2020,WR,90.7,artifact_row,97.3,6.08125,16,25.0,2,True,2018.0,6.0,210.0,3.0,,3,1,68.76694480477309,52.095870326624706,63.72820207668876,39.8407338980625,54.15474641070601,30.34285746302616,44.349365433538566,22.68474108844649,28.095766824329633,16.3941087540514,190.32808074526298,68.76694480477309,109.26244120358655,artifact_row+artifact_row+artifact_row+artifact_row,122.38000000000001,False,True,False,2345,122.38000000000001,13.0,9.0,3.0,40.0,3.0
00-0034426,2020,WR,17.0,artifact_row,20.8,1.8909090909090909,11,26.0,3,True,2018.0,7.0,224.0,3.0,,3,0,17.47360620905814,11.136630038990688,11.964521941432992,8.516826979236383,8.487818179659651,6.486448460749683,6.308565327324126,4.849358834940257,5.0845965444739525,3.5045987881219847,31.84550199289072,17.47360620905814,23.35723306304831,no_record_zero+no_record_zero+no_record_zero+no_record_zero,0.0,False,False,True,2345,0.0,40.0,34.0,29.0,43.0,29.0
00-0034747,2020,WR,0.0,no_record_zero,0.0,,0,26.0,2,True,2018.0,7.0,228.0,3.0,,3,1,2.539250231911552,0.0,2.433068575603736,0.0,1.6117366407725815,0.0,1.0798976887774436,0.0,2.1571691239072903,0.0,7.281872029061051,2.539250231911552,0.0,no_record_zero+no_record_zero+no_record_zero+no_record_zero,0.0,False,False,True,2345,0.0,46.0,45.0,46.0,44.0,46.5
00-0035006,2020,WR,34.9,artifact_row,34.9,3.8777777777777778,9,23.0,2,True,2019.0,7.0,247.0,2.0,,2,0,42.25867856705478,18.68598020965264,37.96211413294786,14.290252960353351,33.4523740215573,10.88351208077711,31.86093395297144,8.13666458362572,20.23318377098236,5.880312389685445,123.50860587845897,42.25867856705478,39.190742014441625,no_record_zero+no_record_zero+no_record_zero+no_record_zero,0.0,False,False,True,2345,0.0,21.0,23.0,22.0,48.0,23.0
00-0035246,2020,WR,8.5,artifact_row,14.5,2.9,5,24.0,2,True,2019.0,2.0,57.0,2.0,,2,0,14.8160553627118,7.7635161329502385,12.39553651017036,5.937211115333055,9.172741424214598,4.521803013503384,7.795266581480272,3.380562649357391,6.202149890998218,2.443109732104268,35.56569440686344,14.8160553627118,16.2826865102981,no_record_zero+no_record_zero+no_record_zero+no_record_zero,0.0,False,False,True,2345,0.0,38.0,37.0,35.0,5.5,32.0
00-0035287,2020,WR,29.0,artifact_row,32.300000000000004,4.0375000000000005,8,24.0,2,True,2019.0,6.0,174.0,2.0,,2,0,32.32363835581204,17.29390145477881,26.265307809611947,13.225649587948803,20.053307865975533,10.072706023183404,16.79584432015074,7.530494729258189,11.573031196482091,5.442237541170198,74.6874911922203,32.32363835581204,36.2710878815606,no_record_zero+no_record_zero+no_record_zero+no_record_zero,0.0,False,False,True,2345,0.0,30.0,28.0,24.0,27.0,25.0
00-0035297,2020,WR,0.0,no_record_zero,0.0,,0,24.0,1,True,2019.0,6.0,206.0,2.0,,2,1,10.908668678208372,0.0,11.62026352089847,0.0,9.483250332224468,0.0,8.004117761658812,0.0,5.126557842619658,0.0,34.23418945740141,10.908668678208372,0.0,no_record_zero+no_record_zero+no_record_zero+no_record_zero,0.0,False,False,True,2345,0.0,39.0,41.0,46.0,36.0,46.5
00-0035298,2020,WR,100.3,artifact_row,121.0,6.722222222222222,18,23.0,2,True,2019.0,6.0,208.0,2.0,,2,0,92.38924782552158,64.78520359220543,85.597257986214,49.54500310036549,79.90410311895845,37.733666526476526,73.00445053415042,28.210212453258222,52.75885882514363,20.387329488594236,291.2646704644665,92.38924782552158,135.8762115686945,artifact_row+artifact_row+artifact_row+artifact_row,95.2,False,True,False,2345,95.2,5.0,3.0,1.0,38.5,1.0
00-0035313,2020,WR,0.0,artifact_row,6.5,3.25,2,24.0,1,True,2019.0,7.0,237.0,2.0,,2,1,14.318207049178282,3.48019688718459,12.448370005492253,2.6615084310113692,9.454479091510608,2.027015143984276,8.765587274215543,1.5154246359188304,7.519190561715049,1.09518712128812,38.187626932933455,14.318207049178282,7.299135332202596,no_record_zero+no_record_zero+no_record_zero+no_record_zero,0.0,False,False,True,2345,0.0,37.0,38.0,46.0,46.0,38.0
00-0035527,2020,WR,54.8,artifact_row,54.8,4.981818181818182,11,24.0,2,True,2019.0,2.0,62.0,2.0,,2,0,47.59547229149821,29.3407368334947,41.629535554811326,22.438563387603548,33.6113734505774,17.0892969062059,28.42224201757088,12.77619539205414,18.591626412619963,9.233269884090614,122.25477743557957,47.59547229149821,61.537325569954206,artifact_row+artifact_row+no_record_zero+no_record_zero,4.2,False,True,True,2345,4.2,22.0,20.0,14.0,9.0,16.0
00-0035529,2020,WR,0.0,artifact_row,0.0,0.0,1,24.0,1,True,2019.0,4.0,103.0,2.0,,2,1,2.45014776018232,0.0,3.027825907074563,0.0,2.9449821459097714,0.0,3.064015357662517,0.0,3.631171467575795,0.0,12.667994878222645,2.45014776018232,0.0,no_record_zero+no_record_zero+no_record_zero+no_record_zero,0.0,False,False,True,2345,0.0,45.0,46.0,46.0,14.5,46.5
00-0035590,2020,WR,7.9,artifact_row,13.5,4.5,3,24.0,2,True,2019.0,4.0,126.0,2.0,,2,0,15.171798865886878,7.228101227229533,11.609275211187509,5.527748279792844,7.676381297638947,4.209954529813496,6.091380475346926,3.1474203976775708,5.885246426791608,2.2746194057522495,31.26228341096499,15.171798865886878,15.15974261303616,no_record_zero+no_record_zero+no_record_zero+no_record_zero,0.0,False,False,True,2345,0.0,41.0,36.0,36.0,17.0,34.0
00-0035593,2020,WR,0.0,no_record_zero,0.0,,0,24.0,1,True,2019.0,6.0,187.0,2.0,,2,1,0.4444564275592108,0.0,1.1169074721158612,0.0,1.0917241474778463,0.0,1.025099032257792,0.0,2.016323885903585,0.0,5.2500545377550845,0.4444564275592108,0.0,artifact_row+artifact_row+no_record_zero+no_record_zero,2.7,False,True,True,2345,2.7,48.0,49.0,46.0,32.0,46.5
00-0035597,2020,WR,0.0,no_record_zero,0.0,,0,26.0,1,True,2019.0,7.0,236.0,2.0,,2,1,1.1072475501960473,0.0,1.2462297485816969,0.0,0.8634823999690716,0.0,0.6148502992141286,0.0,1.6545396568557793,0.0,4.379102104620676,1.1072475501960473,0.0,no_record_zero+no_record_zero+no_record_zero+no_record_zero,0.0,False,False,True,2345,0.0,49.0,48.0,46.0,45.0,46.5
00-0035639,2020,WR,14.7,artifact_row,14.7,7.35,2,23.0,2,True,2019.0,2.0,59.0,2.0,,2,0,35.19951324663255,7.87059911409438,29.69254630524338,6.019103682441097,21.88522597518777,4.584172710241362,18.997000096995276,3.427191099693355,13.215510215917812,2.4768077973746716,83.79028259334424,35.19951324663255,16.507275289750485,artifact_row+artifact_row+artifact_row+artifact_row,181.70000000000002,True,True,False,2345,181.70000000000002,28.0,25.0,31.0,7.5,31.0
00-0035703,2020,WR,58.3,artifact_row,74.6,4.6625,16,24.0,2,True,2019.0,3.0,93.0,2.0,,2,0,63.673428484046376,39.94195196676468,57.300972360369094,30.54592753129971,51.54965691428243,23.26389688326569,46.48752834395041,17.392411975314573,31.053818137564672,12.569378345860578,186.3919757561666,63.673428484046376,83.77161473574054,artifact_row+artifact_row+no_record_zero+no_record_zero,7.800000000000001,False,True,True,2345,7.800000000000001,14.0,11.0,11.0,13.0,8.0
00-0036133,2020,WR,2.4000000000000004,artifact_row,2.4000000000000004,0.1846153846153846,13,24.0,1,True,2020.0,6.0,201.0,1.0,,1,0,20.913506488528405,1.2849957737296949,16.691106791937248,0.9827108052965056,16.624038813701333,0.7484363608557327,18.83877285774607,0.5595414040315682,15.243175693845943,0.4043767832448444,67.39709415723058,20.913506488528405,2.6950653534286504,artifact_row+artifact_row+artifact_row+artifact_row,28.299999999999997,False,True,False,2345,28.299999999999997,32.0,33.0,41.0,35.0,42.0
00-0036233,2020,WR,56.3,artifact_row,63.50000000000001,4.5357142857142865,14,21.0,1,True,2020.0,6.0,187.0,1.0,,1,0,70.71021425851491,33.99884651326484,67.66743082220462,26.000890056803375,68.4568681564924,19.802378714307928,76.51486558787327,14.804532981668576,59.85214830386624,10.699135723353177,272.4913128704365,70.71021425851491,71.30693747613306,artifact_row+artifact_row+no_record_zero+no_record_zero,184.9,True,True,True,2345,184.9,6.0,8.0,13.0,32.0,11.5
00-0036247,2020,WR,40.9,artifact_row,44.7,3.1928571428571426,14,22.0,1,True,2020.0,6.0,214.0,1.0,,1,0,55.18339284699165,23.93304628571556,50.79379435719935,18.302988748647415,50.470640913599645,13.93962722093802,55.61200971650205,10.421458650087956,43.083493507047486,7.531517587935226,199.95993849434853,55.18339284699165,50.19559220760862,artifact_row+no_record_zero+no_record_zero+no_record_zero,4.0,False,True,True,2345,4.0,10.0,18.0,18.0,41.0,21.0
00-0036252,2020,WR,93.9,artifact_row,114.0,8.142857142857144,14,23.0,1,True,2020.0,2.0,34.0,1.0,,1,0,99.56247486205868,61.0372992521605,91.8649992091844,46.67876325158402,83.53853752881176,35.550727140647304,78.87479399406962,26.57821669149949,58.46028292274098,19.207897204130113,312.7386136548067,99.56247486205868,128.01560428786092,artifact_row+artifact_row+artifact_row+artifact_row,799.2,True,True,False,2345,799.2,4.0,1.0,2.0,3.0,2.0
00-0036254,2020,WR,59.2,artifact_row,59.2,5.381818181818182,11,23.0,1,True,2020.0,5.0,165.0,1.0,,1,0,62.229955470810374,31.696562418665803,55.44672355703431,24.240199863980475,48.92307461509993,18.461430234441405,47.174726316924584,13.802021299445348,34.620953074601964,9.974627320039495,186.1654775636608,62.229955470810374,66.47827871790673,no_record_zero+artifact_row+artifact_row+no_record_zero,3.7,False,True,True,2345,3.7,15.0,13.0,8.0,24.0,15.0
00-0036255,2020,WR,58.2,artifact_row,60.7,6.744444444444444,9,23.0,1,True,2020.0,2.0,59.0,1.0,,1,0,66.29344680056893,32.49968477724686,59.37931295719893,24.854394117290788,50.89093586736091,18.929202959976237,47.93712736775432,14.151734676965075,34.4233358265221,10.227362809567522,192.63071201883628,66.29344680056893,68.16269456379962,artifact_row+no_record_zero+no_record_zero+no_record_zero,29.6,False,True,True,2345,29.6,12.0,10.0,12.0,7.5,14.0
00-0036271,2020,WR,22.0,artifact_row,23.6,5.9,4,22.0,1,True,2020.0,6.0,200.0,1.0,,1,0,42.83142240345948,12.635791775008665,40.06496425642297,9.663322918748973,34.54015211941983,7.3596242150813715,35.08527499567145,5.502157139643753,25.33819239073055,3.976371701907636,135.02858376224478,42.83142240345948,26.50147597538173,artifact_row+artifact_row+no_record_zero+no_record_zero,93.0,False,True,True,2345,93.0,20.0,22.0,28.0,34.0,28.0
00-0036277,2020,WR,53.8,artifact_row,66.9,5.575,12,22.0,1,True,2020.0,5.0,166.0,1.0,,1,0,70.85906302359024,35.81925719271524,65.91974970257131,27.3930636976401,61.92218578014666,20.86266355885355,63.790865400588395,15.597216637379963,48.04980211671318,11.272002832950037,239.68260300001955,70.85906302359024,75.12494672682365,artifact_row+no_record_zero+no_record_zero+no_record_zero,3.5,False,True,True,2345,3.5,8.0,7.0,15.0,25.0,10.0
00-0036331,2020,WR,50.9,artifact_row,53.1,3.123529411764706,17,23.0,1,True,2020.0,3.0,92.0,1.0,,1,0,59.93769945112573,28.430531493769497,53.35937863980154,21.742476567185182,52.403222740811714,16.559154483933085,55.77660421063403,12.379853564198443,43.21254564690517,8.946836329292182,204.75175123815245,59.93769945112573,59.62832094460889,artifact_row+artifact_row+artifact_row+artifact_row,147.2,True,True,False,2345,147.2,9.0,14.0,16.0,12.0,18.0
00-0036340,2020,WR,3.5,artifact_row,3.5,0.875,4,22.0,1,True,2020.0,4.0,142.0,1.0,,1,0,12.539222373395674,1.8739521700224715,12.818100998662691,1.4331199243907375,12.712949164064902,1.0914696929146102,14.41759022964144,0.8159978808793702,11.900231157738409,0.5897161422320647,51.84887155010745,12.539222373395674,3.930303640416783,no_record_zero+no_record_zero+no_record_zero+no_record_zero,0.0,False,False,True,2345,0.0,34.0,40.0,39.0,19.0,40.0
00-0036345,2020,WR,0.0,artifact_row,0.0,0.0,8,23.0,1,True,2020.0,5.0,176.0,1.0,,1,0,12.811715556884756,0.0,11.63859410195136,0.0,11.994391844770876,0.0,13.891546014865009,0.0,11.659014216627645,0.0,49.18354617821489,12.811715556884756,0.0,artifact_row+artifact_row+artifact_row+no_record_zero,274.7,True,True,True,2345,274.7,35.0,39.0,46.0,29.0,46.5
00-0036357,2020,WR,79.3,artifact_row,84.10000000000001,6.46923076923077,13,21.0,1,True,2020.0,1.0,12.0,1.0,,1,0,85.7298396337831,45.02839357111139,82.50629857453134,34.43582446893172,80.75165007428751,26.22645747831963,86.66378737759483,19.607263366272868,66.81880589936978,14.170036446204756,316.7405419257834,85.7298396337831,94.43958175972898,no_record_zero+no_record_zero+no_record_zero+no_record_zero,0.0,False,False,True,2345,0.0,3.0,6.0,6.0,1.0,7.0
00-0036364,2020,WR,40.6,artifact_row,53.58,5.953333333333333,9,23.0,1,True,2020.0,3.0,80.0,1.0,,1,0,59.54612997436909,28.68753064851543,52.96076835681393,21.939018728244488,45.4325079011284,16.70884175610423,43.13062349267717,12.491761845004758,31.17835503873377,9.027711685941153,172.70225478935328,59.54612997436909,60.16733401529463,no_record_zero+artifact_row+no_record_zero+no_record_zero,21.2,False,True,True,2345,21.2,17.0,15.0,19.0,10.0,17.0
00-0036365,2020,WR,23.200000000000003,artifact_row,36.3,4.033333333333334,9,22.0,1,True,2020.0,3.0,81.0,1.0,,1,0,47.13313929074566,19.435561077661635,43.41418389004187,14.86350093010965,40.107337023729905,11.320099957942958,42.05691169809408,8.46306373597747,31.50092675062672,6.116198846578271,157.0793593624926,47.13313929074566,40.76286347060835,artifact_row+no_record_zero+no_record_zero+no_record_zero,4.5,False,True,True,2345,4.5,18.0,21.0,27.0,11.0,22.0
00-0036377,2020,WR,8.9,artifact_row,8.9,0.89,10,22.0,1,True,2020.0,5.0,151.0,1.0,,1,0,25.31238510998325,4.765192660914285,23.4616193007326,3.644219236307875,24.260397864444347,2.775451504840009,28.574378621987417,2.0749660399503984,22.56104310425615,1.4995639045329647,98.85743889142051,25.31238510998325,9.994200685631247,no_record_zero+no_record_zero+no_record_zero+no_record_zero,0.0,False,False,True,2345,0.0,25.0,31.0,34.0,21.0,37.0
00-0036382,2020,WR,14.3,artifact_row,14.3,1.1916666666666669,12,23.0,1,True,2020.0,7.0,220.0,1.0,,1,0,29.481497586037246,7.656433151806098,25.47796911518422,5.855318548225013,24.89085424770556,4.459433316765407,27.65984596261739,3.333934199021426,21.63993645851429,2.4094116668338645,99.66860578402145,29.481497586037246,16.05809773084571,no_record_zero+no_record_zero+no_record_zero+no_record_zero,0.0,False,False,True,2345,0.0,24.0,29.0,32.0,42.0,33.0
00-0036387,2020,WR,84.7,artifact_row,87.2,7.927272727272728,11,21.0,1,True,2020.0,1.0,21.0,1.0,,1,0,91.73700829278414,46.68817977884558,88.71177585006774,35.705159259106374,84.49456721764854,27.19318777775829,89.0921820510547,20.330004346480308,67.5234943690636,14.692356457896013,329.82201948783455,91.73700829278414,97.92070784124098,artifact_row+artifact_row+artifact_row+no_record_zero,59.900000000000006,False,True,True,2345,59.900000000000006,2.0,5.0,5.0,2.0,6.0
00-0036398,2020,WR,28.7,artifact_row,28.8,2.88,10,24.0,1,True,2020.0,5.0,168.0,1.0,,1,0,34.49409809646145,15.419949284756337,28.22869194011613,11.792529663558067,23.541129311324067,8.981236330268793,22.25693766829943,6.714496848378817,16.898465571742047,4.852521398938133,90.92522449148167,34.49409809646145,32.34078424114381,no_record_zero+no_record_zero+no_record_zero+no_record_zero,0.0,False,False,True,2345,0.0,26.0,27.0,25.0,26.0,27.0
00-0036412,2020,WR,90.1,artifact_row,90.1,7.508333333333334,12,21.0,1,True,2020.0,2.0,46.0,1.0,,1,0,91.77707185013516,48.24088300543562,88.61765279869769,36.892601482172985,85.30238284358232,28.097548380458964,90.2520347843633,21.00611687635179,68.92503928327531,15.180978404316866,333.09710970991864,91.77707185013516,101.1772451433006,artifact_row+no_record_zero+no_record_zero+no_record_zero,25.8,False,True,True,2345,25.8,1.0,4.0,4.0,4.0,4.0
00-0036415,2020,WR,37.9,artifact_row,63.5,3.96875,16,24.0,1,True,2020.0,2.0,57.0,1.0,,1,0,62.602666745644406,33.99884651326484,53.812626023595485,26.000890056803375,48.62398382920753,19.802378714307928,46.64714570567502,14.804532981668574,34.98643268050743,10.699135723353177,184.07018823898545,62.602666745644406,71.30693747613306,artifact_row+artifact_row+artifact_row+artifact_row,236.6,False,True,False,2345,236.6,16.0,12.0,21.0,5.5,11.5
00-0036427,2020,WR,38.3,artifact_row,46.0,3.5384615384615383,13,22.0,1,True,2020.0,5.0,161.0,1.0,,1,0,55.48364949403665,24.62908566315248,51.107216922910546,18.835290434849693,49.842790677199865,14.345030249734876,54.00026390231275,10.724543577271724,41.47412967234145,7.750555012192851,196.42440117476463,55.48364949403665,51.655419274049144,no_record_zero+artifact_row+artifact_row+artifact_row,85.30000000000001,False,True,True,2345,85.30000000000001,11.0,17.0,20.0,23.0,20.0
00-0036439,2020,WR,3.8,artifact_row,12.3,1.7571428571428571,7,23.0,1,True,2020.0,7.0,252.0,1.0,,1,0,21.39575769562109,6.585603340364686,18.857338604902655,5.036392877144592,16.923712071453583,3.8357363493856305,17.63287099161204,2.8676496956617865,13.95698060659688,2.072431014129827,67.37090227456517,21.39575769562109,13.812209936321835,artifact_row+no_record_zero+no_record_zero+no_record_zero,4.800000000000001,False,True,True,2345,4.800000000000001,33.0,32.0,38.0,49.0,35.0
