player_id,season,week,season_type,position,team,fantasy_points_ppr
,2005,1,REG,,LV,6.0
,2005,2,REG,,NE,0.0
,2005,3,REG,,BUF,0.0
,2005,4,REG,,HOU,0.0
,2005,5,REG,,ATL,0.0
,2005,6,REG,,BAL,0.0
,2005,7,REG,,KC,0.0
,2005,8,REG,,CAR,0.0
,2005,9,REG,,BAL,0.0
,2005,10,REG,,KC,0.0
,2005,11,REG,,TB,0.0
,2005,12,REG,,ATL,0.0
,2005,13,REG,,BAL,0.0
,2005,14,REG,,NE,0.0
,2005,15,REG,,NE,0.0
,2005,16,REG,,CAR,0.0
,2005,17,REG,,DEN,0.0
,2005,18,POST,,TB,0.0
,2005,19,POST,,SEA,0.0
,2005,20,POST,,DEN,0.0
,2005,21,POST,,SEA,0.0
,2006,1,REG,,MIA,0.0
,2006,2,REG,,ATL,0.0
,2006,3,REG,,BUF,0.0
,2006,4,REG,,ARI,0.0
,2006,5,REG,,CAR,0.0
,2006,6,REG,,ATL,0.0
,2006,7,REG,,ATL,0.0
,2006,8,REG,,CHI,0.0
,2006,9,REG,,BAL,0.0
,2006,10,REG,,ATL,0.0
,2006,11,REG,,ATL,0.0
,2006,12,REG,,DET,0.0
,2006,13,REG,,CIN,0.0
,2006,14,REG,,PIT,0.0
,2006,15,REG,,SF,0.0
,2006,16,REG,,MIN,0.0
,2006,17,REG,,WAS,0.0
,2006,18,POST,,KC,0.0
,2006,19,POST,,BAL,0.0
,2006,20,POST,,NO,0.0
,2006,21,POST,,IND,0.0
,2007,1,REG,,IND,0.0
,2007,2,REG,,HOU,0.0
,2007,3,REG,,BAL,0.0
,2007,4,REG,,ATL,0.0
,2007,5,REG,,HOU,0.0
,2007,6,REG,,BAL,0.0
,2007,7,REG,,BUF,0.0
,2007,8,REG,,CAR,0.0
,2007,9,REG,,ATL,0.0
,2007,10,REG,,CAR,0.0
,2007,11,REG,,ATL,0.0
,2007,12,REG,,DET,0.0
,2007,13,REG,,GB,0.0
,2007,14,REG,,CHI,0.0
,2007,15,REG,,HOU,0.0
,2007,16,REG,,LA,0.0
,2007,17,REG,,NYG,0.0
,2007,18,POST,,WAS,0.0
,2007,19,POST,,SEA,0.0
,2007,20,POST,,LAC,0.0
,2007,21,POST,,NYG,0.0
,2008,1,REG,,NYG,0.0
,2008,2,REG,,CAR,0.0
,2008,3,REG,,ATL,0.0
,2008,4,REG,,ATL,0.0
,2008,5,REG,,TEN,0.0
,2008,6,REG,,ATL,0.0
,2008,7,REG,,LAC,0.0
,2008,8,REG,,LV,0.0
,2008,9,REG,,NYJ,0.0
,2008,10,REG,,DEN,0.0
,2008,11,REG,,NYJ,0.0
,2008,12,REG,,PIT,0.0
,2008,13,REG,,DET,0.0
,2008,14,REG,,LAC,0.0
,2008,15,REG,,NO,0.0
,2008,16,REG,,JAX,0.0
,2008,17,REG,,LA,0.0
,2008,18,POST,,ARI,0.0
,2008,19,POST,,BAL,0.0
,2008,20,POST,,ARI,0.0
,2008,21,POST,,PIT,0.0
,2009,1,REG,,PIT,0.0
,2009,2,REG,,CAR,0.0
,2009,3,REG,,CLE,0.0
,2009,4,REG,,DET,0.0
,2009,5,REG,,CIN,0.0
,2009,6,REG,,CIN,0.0
,2009,7,REG,,CLE,0.0
,2009,8,REG,,DEN,0.0
,2009,9,REG,,ATL,0.0
,2009,10,REG,,CHI,0.0
,2009,11,REG,,CAR,0.0
,2009,12,REG,,DET,0.0
,2009,13,REG,,BUF,0.0
,2009,14,REG,,CLE,0.0
,2009,15,REG,,JAX,0.0
,2009,16,REG,,LAC,0.0
,2009,17,REG,,BUF,0.0
,2009,18,POST,,CIN,0.0
,2009,19,POST,,ARI,0.0
,2009,20,POST,,IND,0.0
,2009,21,POST,,NO,0.0
,2010,1,REG,,NO,0.0
,2010,2,REG,,ATL,0.0
,2010,3,REG,,BAL,0.0
,2010,4,REG,,ATL,0.0
,2010,5,REG,,BAL,0.0
,2010,6,REG,,CHI,0.0
,2010,7,REG,,ATL,0.0
,2010,8,REG,,CIN,0.0
,2010,9,REG,,ATL,0.0
,2010,10,REG,,ATL,0.0
,2010,11,REG,,MIA,0.0
,2010,12,REG,,DET,0.0
,2010,13,REG,,PHI,0.0
,2010,14,REG,,IND,0.0
,2010,15,REG,,LAC,0.0
,2010,16,REG,,CAR,0.0
,2010,17,REG,,ATL,0.0
,2010,18,POST,,NO,0.0
,2010,19,POST,,BAL,0.0
,2010,20,POST,,GB,0.0
,2010,21,POST,,PIT,0.0
,2011,1,REG,,GB,0.0
,2011,2,REG,,LV,0.0
,2011,3,REG,,NE,0.0
,2011,4,REG,,CAR,0.0
,2011,5,REG,,PHI,0.0
,2011,6,REG,,ATL,0.0
,2011,7,REG,,CAR,0.0
,2011,8,REG,,ARI,0.0
,2011,9,REG,,BUF,0.0
,2011,10,REG,,LV,0.0
,2011,11,REG,,DEN,0.0
,2011,12,REG,,DET,0.0
,2011,13,REG,,SEA,0.0
,2011,14,REG,,CLE,0.0
,2011,15,REG,,ATL,0.0
,2011,16,REG,,IND,0.0
,2011,17,REG,,GB,0.0
,2011,18,POST,,HOU,0.0
,2011,19,POST,,NO,0.0
,2011,20,POST,,BAL,0.0
,2011,21,POST,,NYG,0.0
,2012,1,REG,,NYG,0.0
,2012,2,REG,,GB,0.0
,2012,3,REG,,NYG,0.0
,2012,4,REG,,CLE,0.0
,2012,5,REG,,LA,0.0
,2012,6,REG,,TEN,3.1
,2012,7,REG,,SF,0.0
,2012,8,REG,,MIN,0.0
,2012,9,REG,,LAC,0.0
,2012,10,REG,,JAX,0.0
,2012,11,REG,,MIA,0.0
,2012,12,REG,,DET,0.0
,2012,13,REG,,ATL,0.0
,2012,14,REG,,DEN,0.0
,2012,15,REG,,CIN,0.0
,2012,16,REG,,DET,0.0
,2012,17,REG,,ATL,0.0
,2012,18,POST,,HOU,0.0
,2012,19,POST,,BAL,0.0
,2012,20,POST,,ATL,0.0
,2012,21,POST,,SF,0.0
,2013,1,REG,,BAL,0.0
,2013,2,REG,,NE,0.0
,2013,3,REG,,KC,0.0
,2013,4,REG,,LA,0.0
,2013,5,REG,,CLE,0.0
,2013,6,REG,,NYG,0.0
,2013,7,REG,,ARI,0.0
,2013,8,REG,,TB,0.0
,2013,9,REG,,MIA,0.0
,2013,10,REG,,MIN,0.0
,2013,11,REG,,TEN,0.0
,2013,12,REG,,NO,0.0
,2013,13,REG,,DET,0.0
,2013,14,REG,,JAX,0.0
,2013,15,REG,,DEN,0.0
,2013,16,REG,,MIA,0.0
,2013,17,REG,,ATL,0.0
,2013,18,POST,,KC,0.0
,2013,19,POST,,NO,0.0
,2013,20,POST,,NE,0.0
,2013,21,POST,,SEA,0.0
,2014,1,REG,,GB,0.0
,2014,2,REG,,PIT,0.0
,2014,3,REG,,ATL,0.0
,2014,4,REG,,NYG,0.0
,2014,5,REG,,GB,0.0
,2014,6,REG,,HOU,0.0
,2014,7,REG,,NE,0.0
,2014,8,REG,,DEN,0.0
,2014,9,REG,,NO,0.0
,2014,10,REG,,CIN,0.0
,2014,11,REG,,MIA,0.0
,2014,12,REG,,KC,0.0
,2014,13,REG,,DET,0.0
,2014,14,REG,,DAL,0.0
,2014,15,REG,,ARI,0.0
,2014,16,REG,,TEN,0.0
,2014,17,REG,,BAL,0.0
,2014,18,POST,,ARI,0.0
,2014,19,POST,,BAL,0.0
,2014,20,POST,,GB,0.0
,2014,21,POST,,NE,0.0
,2015,1,REG,,PIT,0.0
,2015,2,REG,,DEN,0.0
,2015,3,REG,,WAS,0.0
,2015,4,REG,,PIT,0.0
,2015,5,REG,,HOU,0.0
,2015,6,REG,,NO,0.0
,2015,7,REG,,SF,0.0
,2015,8,REG,,NE,0.0
,2015,9,REG,,CLE,0.0
,2015,10,REG,,NYJ,0.0
,2015,11,REG,,TEN,0.0
,2015,12,REG,,PHI,0.0
,2015,13,REG,,GB,0.0
,2015,14,REG,,ARI,0.0
,2015,15,REG,,LA,0.0
,2015,16,REG,,LV,0.0
,2015,17,REG,,NO,0.0
,2015,18,POST,,HOU,0.0
,2015,19,POST,,NE,0.0
,2015,20,POST,,NE,0.0
,2015,21,POST,,DEN,0.0
,2016,1,REG,,DEN,0.0
,2016,2,REG,,NYJ,0.0
,2016,3,REG,,HOU,0.0
,2016,4,REG,,CIN,0.0
,2016,5,REG,,ARI,0.0
,2016,6,REG,,LAC,0.0
,2016,7,REG,,CHI,0.0
,2016,8,REG,,TEN,0.0
,2016,9,REG,,TB,0.0
,2016,10,REG,,CLE,0.0
,2016,11,REG,,NO,0.0
,2016,12,REG,,DET,0.0
,2016,13,REG,,DAL,0.0
,2016,14,REG,,LV,0.0
,2016,15,REG,,LA,0.0
,2016,16,REG,,NYG,0.0
,2016,17,REG,,BAL,0.0
,2016,18,POST,,HOU,0.0
,2016,19,POST,,SEA,0.0
,2016,20,POST,,ATL,0.0
,2016,21,POST,,NE,0.0
,2017,1,REG,,NE,0.0
,2017,2,REG,,HOU,0.0
,2017,3,REG,,SF,0.0
,2017,4,REG,,GB,0.0
,2017,5,REG,,NE,0.0
,2017,6,REG,,PHI,0.0
,2017,7,REG,,KC,0.0
,2017,8,REG,,MIA,0.0
,2017,9,REG,,NYJ,0.0
,2017,10,REG,,SEA,0.0
,2017,11,REG,,PIT,0.0
,2017,12,REG,,DET,0.0
,2017,13,REG,,DAL,0.0
,2017,14,REG,,NO,0.0
,2017,15,REG,,DEN,0.0
,2017,16,REG,,IND,0.0
,2017,17,REG,,GB,0.0
,2017,18,POST,,KC,0.0
,2017,19,POST,,PHI,0.0
,2017,20,POST,,NE,0.0
,2017,21,POST,,PHI,0.0
,2018,1,REG,,ATL,0.0
,2018,2,REG,,BAL,0.0
,2018,3,REG,,CLE,0.0
,2018,4,REG,,MIN,0.0
,2018,5,REG,,NE,0.0
,2018,6,REG,,PHI,0.0
,2018,7,REG,,ARI,0.0
,2018,8,REG,,MIA,0.0
,2018,9,REG,,LV,0.0
,2018,10,REG,,CAR,0.0
,2018,11,REG,,SEA,0.0
,2018,12,REG,,DET,0.0
,2018,13,REG,,DAL,0.0
,2018,14,REG,,TEN,0.0
,2018,15,REG,,KC,0.0
,2018,16,REG,,WAS,0.0
,2018,17,REG,,BUF,0.0
,2018,18,POST,,IND,0.0
,2018,19,POST,,IND,0.0
,2018,20,POST,,NO,0.0
,2018,21,POST,,NE,0.0
,2019,1,REG,,GB,0.0
,2019,2,REG,,TB,0.0
,2019,3,REG,,JAX,0.0
,2019,4,REG,,PHI,0.0
,2019,5,REG,,SEA,0.0
,2019,6,REG,,NE,0.0
,2019,7,REG,,DEN,0.0
,2019,8,REG,,MIN,0.0
,2019,9,REG,,ARI,0.0
,2019,10,REG,,LAC,0.0
,2019,11,REG,,PIT,0.0
,2019,12,REG,,IND,0.0
,2019,13,REG,,CHI,0.0
,2019,14,REG,,DAL,0.0
,2019,15,REG,,NYJ,0.0
,2019,16,REG,,TB,0.0
,2019,17,REG,,NYJ,0.0
,2019,18,POST,,BUF,0.0
,2019,19,POST,,MIN,0.0
,2019,20,POST,,TEN,0.0
,2019,21,POST,,KC,0.0
,2020,1,REG,,HOU,0.0
,2020,2,REG,,CIN,0.0
,2020,3,REG,,MIA,0.0
,2020,4,REG,,NYJ,0.0
,2020,5,REG,,TB,0.0
,2020,6,REG,,CAR,0.0
,2020,7,REG,,PHI,0.0
,2020,8,REG,,ATL,0.0
,2020,9,REG,,GB,0.0
,2020,10,REG,,TEN,0.0
,2020,11,REG,,SEA,0.0
,2020,12,REG,,HOU,0.0
,2020,13,REG,,ATL,0.0
,2020,14,REG,,LA,0.0
,2020,15,REG,,LV,0.0
,2020,16,REG,,NO,0.0
,2020,17,REG,,BUF,0.0
,2020,18,POST,,IND,0.0
,2020,19,POST,,LA,0.0
,2020,20,POST,,TB,0.0
,2020,21,POST,,TB,0.0
,2021,1,REG,,TB,0.0
,2021,2,REG,,WAS,0.0
,2021,3,REG,,CAR,0.0
,2021,4,REG,,JAX,0.0
,2021,5,REG,,LA,0.0
,2021,6,REG,,TB,0.0
,2021,7,REG,,CLE,0.0
,2021,8,REG,,GB,0.0
,2021,9,REG,,NYJ,0.0
,2021,10,REG,,BAL,0.0
,2021,11,REG,,NE,0.0
,2021,12,REG,,CHI,0.0
,2021,13,REG,,NO,0.0
,2021,14,REG,,MIN,0.0
,2021,15,REG,,LAC,0.0
,2021,16,REG,,SF,0.0
,2021,17,REG,,BAL,0.0
,2021,18,REG,,DEN,0.0
,2021,19,POST,,LV,0.0
,2021,20,POST,,TEN,0.0
,2021,21,POST,,CIN,0.0
,2021,22,POST,,LA,0.0
,2022,1,REG,,BUF,0.0
,2022,2,REG,,KC,0.0
,2022,3,REG,,CLE,0.0
,2022,4,REG,,CIN,0.0
,2022,5,REG,,IND,0.0
,2022,6,REG,,CHI,0.0
,2022,7,REG,,NO,0.0
,2022,8,REG,,BAL,0.0
,2022,9,REG,,HOU,0.0
,2022,10,REG,,ATL,0.0
,2022,11,REG,,TEN,0.0
,2022,12,REG,,DET,0.0
,2022,13,REG,,NE,0.0
,2022,14,REG,,LV,0.0
,2022,15,REG,,SEA,0.0
,2022,16,REG,,JAX,0.0
,2022,17,REG,,DAL,0.0
,2022,18,REG,,KC,0.0
,2022,19,POST,,SEA,0.0
,2022,20,POST,,JAX,0.0
,2022,21,POST,,PHI,0.0
,2022,22,POST,,PHI,0.0
,2023,1,REG,,DET,0.0
,2023,2,REG,,PHI,0.0
,2023,3,REG,,SF,0.0
,2023,4,REG,,DET,0.0
,2023,5,REG,,CHI,0.0
,2023,6,REG,,DEN,0.0
,2023,7,REG,,JAX,0.0
,2023,8,REG,,TB,0.0
,2023,9,REG,,PIT,0.0
,2023,10,REG,,CHI,0.0
,2023,11,REG,,BAL,0.0
,2023,12,REG,,GB,0.0
,2023,13,REG,,DAL,0.0
,2023,14,REG,,NE,0.0
,2023,15,REG,,LAC,0.0
,2023,16,REG,,NO,0.0
,2023,17,REG,,CLE,0.0
,2023,18,REG,,PIT,0.0
,2023,19,POST,,CLE,0.0
,2023,20,POST,,HOU,0.0
,2023,21,POST,,BAL,0.0
,2023,22,POST,,SF,0.0
,2024,1,REG,,BAL,0.0
,2024,2,REG,,MIA,0.0
,2024,3,REG,,NYJ,0.0
,2024,4,REG,,DAL,0.0
,2024,5,REG,,ATL,0.0
,2024,6,REG,,SEA,0.0
,2024,7,REG,,DEN,0.0
,2024,8,REG,,MIN,0.0
,2024,9,REG,,HOU,0.0
,2024,10,REG,,CIN,0.0
,2024,11,REG,,PHI,0.0
,2024,12,REG,,PIT,0.0
,2024,13,REG,,DET,0.0
,2024,14,REG,,DET,0.0
,2024,15,REG,,SF,0.0
,2024,16,REG,,LAC,0.0
,2024,17,REG,,PIT,0.0
,2024,18,REG,,CLE,0.0
,2024,19,POST,,LAC,0.0
,2024,20,POST,,KC,0.0
,2024,21,POST,,WAS,0.0
,2024,22,POST,,PHI,0.0
,2025,1,REG,,DAL,0.0
,2025,2,REG,,GB,0.0
,2025,3,REG,,MIA,0.0
,2025,4,REG,,ARI,0.0
,2025,5,REG,,SF,0.0
,2025,6,REG,,PHI,0.0
,2025,7,REG,,PIT,0.0
,2025,8,REG,,MIN,0.0
,2025,9,REG,,MIA,0.0
,2025,10,REG,,LV,0.0
,2025,11,REG,,NYJ,0.0
,2025,12,REG,,HOU,0.0
,2025,13,REG,,GB,0.0
,2025,14,REG,,DET,0.0
,2025,15,REG,,TB,0.0
,2025,16,REG,,LA,0.0
,2025,17,REG,,DAL,0.0
,2025,18,REG,,TB,0.0
,2025,19,POST,,CAR,0.0
,2025,20,POST,,DEN,0.0
,2025,21,POST,,DEN,0.0
,2025,22,POST,,SEA,0.0
