gsis_id,name,draft_season,origin_year,draft_position,pick,round,log_pick,birth_date,age_at_origin,first_full_reg_season,window_absent_through_draft_season,appear_1,points_1,games_1,label_source_1,appear_2,points_2,games_2,label_source_2,appear_3,points_3,games_3,label_source_3,appear_4,points_4,games_4,label_source_4,appear_5,points_5,games_5,label_source_5
00-0020398,Sean Brewer,2001,2002,TE,66,3,4.189654742026425,1977-10-05,24.906228610540726,2002.0,True,1.0,0.0,1.0,artifact,0.0,0.0,0.0,convention_zero,0.0,0.0,0.0,convention_zero,0.0,0.0,0.0,convention_zero,0.0,0.0,0.0,convention_zero
00-0020480,Sage Rosenfels,2001,2002,QB,109,4,4.6913478822291435,1978-03-06,24.490075290896645,2002.0,True,1.0,-0.9,2.0,artifact,1.0,5.9,2.0,artifact,1.0,0.0,1.0,artifact,1.0,29.980000000000004,4.0,artifact,1.0,21.1,4.0,artifact
00-0020373,Jabari Holloway,2001,2002,TE,119,4,4.77912349311153,1978-12-18,23.704312114989733,2002.0,True,1.0,11.9,5.0,artifact,1.0,16.400000000000002,9.0,artifact,0.0,0.0,0.0,convention_zero,0.0,0.0,0.0,convention_zero,0.0,0.0,0.0,convention_zero
00-0020483,Jesse Palmer,2001,2002,QB,125,4,4.8283137373023015,1978-10-05,23.906913073237508,2002.0,True,1.0,0.8999999999999999,1.0,artifact,1.0,21.18,4.0,artifact,0.0,0.0,0.0,convention_zero,0.0,0.0,0.0,convention_zero,0.0,0.0,0.0,convention_zero
00-0020484,Cedric James,2001,2002,WR,131,4,4.875197323201151,1979-03-19,23.45516769336071,2002.0,True,1.0,3.9,3.0,artifact,0.0,0.0,0.0,convention_zero,0.0,0.0,0.0,convention_zero,0.0,0.0,0.0,convention_zero,0.0,0.0,0.0,convention_zero
00-0020315,Derrick Blaylock,2001,2002,RB,150,5,5.0106352940962555,1979-08-23,23.025325119780973,2002.0,True,1.0,5.5,9.0,artifact,1.0,60.1,12.0,artifact,1.0,157.3,12.0,artifact,1.0,8.600000000000001,5.0,artifact,1.0,12.2,2.0,artifact
00-0020464,Darnerien McCants,2001,2002,WR,154,5,5.0369526024136295,1978-08-01,24.084873374401095,2002.0,True,1.0,45.5,7.0,artifact,1.0,100.6,12.0,artifact,1.0,12.1,4.0,artifact,1.0,13.7,7.0,artifact,0.0,0.0,0.0,convention_zero
00-0020486,Josh Booty,2001,2002,QB,172,6,5.147494476813453,1975-04-29,27.342915811088297,,True,0.0,0.0,0.0,convention_zero,0.0,0.0,0.0,convention_zero,0.0,0.0,0.0,convention_zero,0.0,0.0,0.0,convention_zero,0.0,0.0,0.0,convention_zero
00-0020376,Dee Brown,2001,2002,RB,175,6,5.1647859739235145,1978-05-12,24.306639288158795,2002.0,True,1.0,83.60000000000001,12.0,artifact,0.0,0.0,0.0,artifact,1.0,0.0,5.0,artifact,1.0,3.8,6.0,artifact,1.0,3.9,11.0,artifact
00-0020436,Josh Heupel,2001,2002,QB,177,6,5.176149732573829,1978-03-22,24.44626967830253,,True,0.0,0.0,0.0,convention_zero,0.0,0.0,0.0,convention_zero,0.0,0.0,0.0,convention_zero,0.0,0.0,0.0,convention_zero,0.0,0.0,0.0,convention_zero
00-0020377,Arther Love,2001,2002,TE,180,6,5.19295685089021,1977-09-18,24.95277207392197,,True,0.0,0.0,0.0,convention_zero,0.0,0.0,0.0,convention_zero,0.0,0.0,0.0,convention_zero,0.0,0.0,0.0,convention_zero,0.0,0.0,0.0,convention_zero
00-0020395,Richmond Flowers III,2001,2002,WR,235,7,5.459585514144159,1978-05-04,24.32854209445585,,True,0.0,0.0,0.0,convention_zero,0.0,0.0,0.0,convention_zero,0.0,0.0,0.0,convention_zero,0.0,0.0,0.0,convention_zero,0.0,0.0,0.0,convention_zero
00-0021164,DeShaun Foster,2002,2003,RB,34,2,3.5263605246161616,1980-01-10,23.641341546885695,2003.0,True,1.0,86.30000000000001,13.0,artifact,1.0,54.1,4.0,artifact,1.0,152.9,14.0,artifact,1.0,133.5,13.0,artifact,1.0,138.2,15.0,artifact
00-0021211,Marquis Walker,2002,2003,WR,86,3,4.454347296253507,1978-12-11,24.722792607802873,,True,0.0,0.0,0.0,convention_zero,0.0,0.0,0.0,convention_zero,0.0,0.0,0.0,convention_zero,0.0,0.0,0.0,convention_zero,0.0,0.0,0.0,convention_zero
00-0021212,Cliff Russell,2002,2003,WR,87,3,4.465908118654584,1979-02-08,24.56125941136208,2003.0,True,1.0,0.0,2.0,artifact,1.0,4.6,12.0,artifact,0.0,0.0,0.0,convention_zero,1.0,3.4,2.0,artifact,0.0,0.0,0.0,convention_zero
00-0021220,Eric Crouch,2002,2003,WR,95,3,4.553876891600541,1978-11-16,24.791238877481177,,True,0.0,0.0,0.0,convention_zero,0.0,0.0,0.0,convention_zero,0.0,0.0,0.0,convention_zero,0.0,0.0,0.0,convention_zero,0.0,0.0,0.0,convention_zero
00-0021258,Terry Charles,2002,2003,WR,142,5,4.955827057601261,1979-07-08,24.150581793292265,,True,0.0,0.0,0.0,convention_zero,0.0,0.0,0.0,convention_zero,0.0,0.0,0.0,convention_zero,0.0,0.0,0.0,convention_zero,0.0,0.0,0.0,convention_zero
00-0021260,Kyle Johnson,2002,2003,RB,145,5,4.976733742420574,1978-12-15,24.711841204654345,2004.0,True,0.0,0.0,0.0,convention_zero,1.0,33.6,9.0,artifact,1.0,65.2,12.0,artifact,1.0,19.7,8.0,artifact,1.0,0.0,1.0,artifact
00-0021264,Jake Schifino,2002,2003,WR,151,5,5.017279836814924,1979-11-15,23.794661190965094,2003.0,True,1.0,0.0,11.0,artifact,0.0,0.0,0.0,convention_zero,0.0,0.0,0.0,convention_zero,0.0,0.0,0.0,convention_zero,0.0,0.0,0.0,convention_zero
00-0021271,Kurt Kittner,2002,2003,QB,158,5,5.062595033026967,1980-01-23,23.60574948665298,2003.0,True,1.0,12.94,6.0,artifact,0.0,0.0,0.0,convention_zero,0.0,0.0,0.0,convention_zero,0.0,0.0,0.0,convention_zero,0.0,0.0,0.0,convention_zero
00-0021273,Robert Royal,2002,2003,TE,160,5,5.075173815233827,1979-05-15,24.298425735797398,2003.0,True,1.0,9.8,3.0,artifact,1.0,31.6,8.0,artifact,1.0,37.1,11.0,artifact,1.0,62.3,14.0,artifact,1.0,57.7,10.0,artifact
00-0021275,Freddie Milons,2002,2003,WR,162,5,5.087596335232384,1980-06-27,23.17864476386037,,True,0.0,0.0,0.0,convention_zero,0.0,0.0,0.0,convention_zero,0.0,0.0,0.0,convention_zero,0.0,0.0,0.0,convention_zero,0.0,0.0,0.0,convention_zero
00-0021276,Brandon Doman,2002,2003,QB,163,5,5.093750200806762,1976-12-29,26.67214236824093,,True,0.0,0.0,0.0,convention_zero,0.0,0.0,0.0,convention_zero,0.0,0.0,0.0,convention_zero,0.0,0.0,0.0,convention_zero,0.0,0.0,0.0,convention_zero
00-0021277,Craig Nall,2002,2003,QB,164,5,5.099866427824199,1979-04-21,24.36413415468857,2004.0,True,0.0,0.0,0.0,convention_zero,1.0,19.12,4.0,artifact,0.0,0.0,0.0,convention_zero,0.0,0.0,0.0,convention_zero,0.0,0.0,0.0,artifact
00-0021283,Sam Simmons,2002,2003,WR,170,5,5.135798437050262,1979-11-25,23.76728268309377,2003.0,True,1.0,0.0,7.0,artifact,0.0,0.0,0.0,convention_zero,0.0,0.0,0.0,convention_zero,0.0,0.0,0.0,convention_zero,0.0,0.0,0.0,convention_zero
00-0021098,Josh Scobey,2002,2003,RB,185,6,5.220355825078324,1979-12-11,23.72347707049966,2003.0,True,1.0,7.9,14.0,artifact,1.0,45.2,11.0,artifact,1.0,0.0,15.0,artifact,1.0,0.0,10.0,artifact,1.0,0.0,4.0,artifact
00-0021296,J.T. O'Sullivan,2002,2003,QB,186,6,5.225746673713202,1979-08-25,24.019164955509925,2004.0,True,0.0,0.0,0.0,convention_zero,0.0,0.0,0.0,artifact,0.0,0.0,0.0,convention_zero,0.0,0.0,0.0,convention_zero,1.0,2.9199999999999995,4.0,artifact
00-0021305,Larry Ned,2002,2003,RB,197,6,5.2832037287379885,1978-08-23,25.023956194387406,2003.0,True,1.0,0.0,1.0,artifact,1.0,1.9,11.0,artifact,0.0,0.0,0.0,convention_zero,0.0,0.0,0.0,convention_zero,0.0,0.0,0.0,convention_zero
00-0021308,Mark Anelli,2002,2003,TE,201,6,5.303304908059076,1979-06-05,24.240930869267626,,True,0.0,0.0,0.0,convention_zero,0.0,0.0,0.0,convention_zero,0.0,0.0,0.0,convention_zero,0.0,0.0,0.0,convention_zero,0.0,0.0,0.0,convention_zero
00-0021310,Jamin Elliott,2002,2003,WR,203,6,5.313205979041787,1979-10-05,23.906913073237508,2006.0,True,0.0,0.0,0.0,convention_zero,0.0,0.0,0.0,convention_zero,0.0,0.0,0.0,convention_zero,0.0,0.0,0.0,artifact,0.0,0.0,0.0,convention_zero
00-0021311,Brian Allen,2002,2003,RB,204,6,5.318119993844216,1980-04-20,23.364818617385353,2003.0,True,1.0,0.0,1.0,artifact,0.0,0.0,0.0,convention_zero,0.0,0.0,0.0,convention_zero,0.0,0.0,0.0,convention_zero,0.0,0.0,0.0,convention_zero
00-0021312,Steve Bellisari,2002,2003,QB,205,6,5.3230099791384085,1980-04-21,23.362080766598222,,True,0.0,0.0,0.0,convention_zero,0.0,0.0,0.0,convention_zero,0.0,0.0,0.0,convention_zero,0.0,0.0,0.0,convention_zero,0.0,0.0,0.0,convention_zero
00-0021317,Bryan Fletcher,2002,2003,TE,210,6,5.3471075307174685,1979-03-23,24.4435318275154,2005.0,True,0.0,0.0,0.0,convention_zero,0.0,0.0,0.0,convention_zero,1.0,56.2,10.0,artifact,1.0,48.2,9.0,artifact,1.0,32.8,5.0,artifact
00-0021388,Bob Slowikowski,2002,2003,TE,211,6,5.351858133476067,1979-10-30,23.838466803559207,,True,0.0,0.0,0.0,convention_zero,0.0,0.0,0.0,convention_zero,0.0,0.0,0.0,convention_zero,0.0,0.0,0.0,convention_zero,0.0,0.0,0.0,convention_zero
00-0021320,Luke Staley,2002,2003,RB,214,7,5.365976015021851,1980-09-16,22.95687885010267,,True,0.0,0.0,0.0,convention_zero,0.0,0.0,0.0,convention_zero,0.0,0.0,0.0,convention_zero,0.0,0.0,0.0,convention_zero,0.0,0.0,0.0,convention_zero
00-0021322,Seth Burford,2002,2003,QB,216,7,5.375278407684165,1979-03-11,24.476386036960985,,True,0.0,0.0,0.0,convention_zero,0.0,0.0,0.0,convention_zero,0.0,0.0,0.0,convention_zero,0.0,0.0,0.0,convention_zero,0.0,0.0,0.0,convention_zero
00-0021102,Kendall Newson,2002,2003,WR,222,7,5.402677381872279,1980-03-05,23.49075975359343,2003.0,True,1.0,7.5,2.0,artifact,0.0,0.0,0.0,convention_zero,0.0,0.0,0.0,convention_zero,0.0,0.0,0.0,convention_zero,0.0,0.0,0.0,convention_zero
00-0021334,Jeff Kelly,2002,2003,QB,232,7,5.44673737166631,1979-09-07,23.983572895277206,,True,0.0,0.0,0.0,convention_zero,0.0,0.0,0.0,convention_zero,0.0,0.0,0.0,convention_zero,0.0,0.0,0.0,convention_zero,0.0,0.0,0.0,convention_zero
00-0021338,Wes Pate,2002,2003,QB,236,7,5.4638318050256105,1979-03-24,24.44079397672827,,True,0.0,0.0,0.0,convention_zero,0.0,0.0,0.0,convention_zero,0.0,0.0,0.0,convention_zero,0.0,0.0,0.0,convention_zero,0.0,0.0,0.0,convention_zero
00-0021339,Antwoine Womack,2002,2003,RB,237,7,5.4680601411351315,1978-03-20,25.451060917180012,,True,0.0,0.0,0.0,convention_zero,0.0,0.0,0.0,convention_zero,0.0,0.0,0.0,convention_zero,0.0,0.0,0.0,convention_zero,0.0,0.0,0.0,convention_zero
00-0021343,Leonard Henry,2002,2003,RB,241,7,5.484796933490655,1978-01-05,25.65366187542779,2004.0,True,0.0,0.0,0.0,convention_zero,1.0,15.6,4.0,artifact,0.0,0.0,0.0,convention_zero,0.0,0.0,0.0,convention_zero,0.0,0.0,0.0,convention_zero
00-0021429,Carson Palmer,2003,2004,QB,1,1,0.0,1979-12-27,24.681724845995895,2004.0,True,1.0,158.58,13.0,artifact,1.0,263.68,15.0,artifact,1.0,219.2,15.0,artifact,1.0,205.66,15.0,artifact,1.0,37.239999999999995,4.0,artifact
00-0022178,Willis McGahee,2003,2004,RB,23,1,3.1354942159291497,1981-10-21,22.863791923340177,2004.0,True,1.0,204.1,14.0,artifact,1.0,183.0,15.0,artifact,1.0,164.3,13.0,artifact,1.0,228.8,15.0,artifact,1.0,131.5,12.0,artifact
00-0022082,Bennie Joppru,2003,2004,TE,41,2,3.713572066704308,1980-01-05,24.657084188911703,2006.0,True,0.0,0.0,0.0,convention_zero,0.0,0.0,0.0,convention_zero,1.0,0.0,3.0,artifact,1.0,0.0,5.0,artifact,0.0,0.0,0.0,convention_zero
00-0022005,Chris Simms,2003,2004,QB,97,3,4.574710978503383,1980-08-29,24.008213552361397,2004.0,True,1.0,5.02,4.0,artifact,1.0,89.28,10.0,artifact,1.0,20.1,3.0,artifact,0.0,0.0,0.0,convention_zero,0.0,0.0,0.0,artifact
00-0022055,Seneca Wallace,2003,2004,QB,110,4,4.700480365792417,1980-08-06,24.071184120465436,2005.0,True,0.0,0.0,0.0,convention_zero,1.0,2.5,4.0,artifact,1.0,60.98,6.0,artifact,1.0,8.56,4.0,artifact,1.0,85.68,9.0,artifact
00-0022101,Brian St. Pierre,2003,2004,QB,163,5,5.093750200806762,1979-11-28,24.761122518822724,2004.0,True,0.0,0.0,0.0,artifact,0.0,0.0,0.0,convention_zero,0.0,0.0,0.0,convention_zero,0.0,0.0,0.0,convention_zero,0.0,0.0,0.0,convention_zero
00-0022148,J.R. Tolver,2003,2004,WR,169,5,5.1298987149230735,1980-01-13,24.635181382614647,,True,0.0,0.0,0.0,convention_zero,0.0,0.0,0.0,convention_zero,0.0,0.0,0.0,convention_zero,0.0,0.0,0.0,convention_zero,0.0,0.0,0.0,convention_zero
00-0022181,Drew Henson,2003,2004,QB,192,6,5.2574953720277815,1980-02-13,24.550308008213552,2004.0,True,1.0,3.82,2.0,artifact,0.0,0.0,0.0,convention_zero,0.0,0.0,0.0,convention_zero,0.0,0.0,0.0,convention_zero,1.0,0.8,2.0,artifact
00-0022026,Brooks Bollinger,2003,2004,QB,200,6,5.298317366548036,1979-11-15,24.79671457905544,2004.0,True,1.0,2.6,1.0,artifact,1.0,82.8,10.0,artifact,1.0,3.84,2.0,artifact,1.0,19.44,5.0,artifact,1.0,4.52,1.0,artifact
00-0022027,Kliff Kingsbury,2003,2004,QB,201,6,5.303304908059076,1979-08-09,25.065023956194388,2005.0,True,0.0,0.0,0.0,convention_zero,1.0,0.68,1.0,artifact,0.0,0.0,0.0,convention_zero,0.0,0.0,0.0,convention_zero,0.0,0.0,0.0,convention_zero
00-0022110,Trent Smith,2003,2004,TE,223,7,5.407171771460119,1979-09-15,24.9637234770705,2005.0,True,0.0,0.0,0.0,convention_zero,1.0,3.7,2.0,artifact,0.0,0.0,0.0,convention_zero,0.0,0.0,0.0,convention_zero,0.0,0.0,0.0,convention_zero
00-0021948,Taco Wallace,2003,2004,WR,224,7,5.4116460518550396,1981-04-14,23.38398357289528,,True,0.0,0.0,0.0,convention_zero,0.0,0.0,0.0,convention_zero,0.0,0.0,0.0,convention_zero,0.0,0.0,0.0,convention_zero,0.0,0.0,0.0,convention_zero
00-0022113,Ahmaad Galloway,2003,2004,RB,235,7,5.459585514144159,1980-03-10,24.479123887748116,,True,0.0,0.0,0.0,convention_zero,0.0,0.0,0.0,convention_zero,0.0,0.0,0.0,convention_zero,0.0,0.0,0.0,convention_zero,0.0,0.0,0.0,convention_zero
00-0022039,Ken Dorsey,2003,2004,QB,241,7,5.484796933490655,1981-04-22,23.362080766598222,2004.0,True,1.0,38.38,7.0,artifact,1.0,24.34,3.0,artifact,1.0,0.0,1.0,artifact,0.0,0.0,0.0,convention_zero,1.0,0.9600000000000004,4.0,artifact
00-0022151,Casey Moore,2003,2004,RB,247,7,5.5093883366279774,1980-07-26,24.10130047912389,,True,0.0,0.0,0.0,convention_zero,0.0,0.0,0.0,convention_zero,0.0,0.0,0.0,convention_zero,0.0,0.0,0.0,convention_zero,0.0,0.0,0.0,convention_zero
00-0021968,Carl Ford,2003,2004,WR,256,7,5.545177444479562,1980-10-08,23.89869952087611,2005.0,True,0.0,0.0,0.0,convention_zero,1.0,0.0,5.0,artifact,0.0,0.0,0.0,convention_zero,0.0,0.0,0.0,convention_zero,0.0,0.0,0.0,convention_zero
00-0021963,Ryan Hoag,2003,2004,WR,262,7,5.568344503761097,1979-11-23,24.774811772758383,,True,0.0,0.0,0.0,convention_zero,0.0,0.0,0.0,convention_zero,0.0,0.0,0.0,convention_zero,0.0,0.0,0.0,convention_zero,0.0,0.0,0.0,convention_zero
00-0022929,Devery Henderson,2004,2005,WR,50,2,3.912023005428146,1982-03-26,23.43600273785079,2005.0,True,1.0,64.2,10.0,artifact,1.0,134.8,9.0,artifact,1.0,80.9,12.0,artifact,1.0,127.7,14.0,artifact,1.0,141.9,15.0,artifact
00-0022853,Derrick Hamilton,2004,2005,WR,77,3,4.343805421853684,1981-11-30,23.753593429158112,,True,0.0,0.0,0.0,convention_zero,0.0,0.0,0.0,convention_zero,0.0,0.0,0.0,convention_zero,0.0,0.0,0.0,convention_zero,0.0,0.0,0.0,convention_zero
00-0022819,Maurice Mann,2004,2005,WR,149,5,5.003946305945459,1982-09-14,22.965092402464066,2006.0,True,0.0,0.0,0.0,convention_zero,1.0,0.0,1.0,artifact,0.0,0.0,0.0,convention_zero,0.0,0.0,0.0,convention_zero,0.0,0.0,0.0,convention_zero
00-0022718,Mark Wilson,2004,2005,TE,151,5,5.017279836814924,1980-11-11,24.804928131416837,,True,0.0,0.0,0.0,convention_zero,0.0,0.0,0.0,convention_zero,0.0,0.0,0.0,convention_zero,0.0,0.0,0.0,convention_zero,0.0,0.0,0.0,convention_zero
00-0022701,D.J. Hackett,2004,2005,WR,157,5,5.056245805348308,1981-07-03,24.164271047227928,2005.0,True,1.0,72.1,9.0,artifact,1.0,113.7,12.0,artifact,1.0,80.30000000000001,5.0,artifact,1.0,23.4,7.0,artifact,0.0,0.0,0.0,convention_zero
00-0022879,Drew Carter,2004,2005,WR,163,5,5.093750200806762,1981-09-05,23.98904859685147,2005.0,True,1.0,21.3,2.0,artifact,1.0,83.5,10.0,artifact,1.0,105.8,14.0,artifact,0.0,0.0,0.0,convention_zero,0.0,0.0,0.0,convention_zero
00-0022741,P.K. Sam,2004,2005,WR,164,5,5.099866427824199,1983-02-26,22.51334702258727,,True,0.0,0.0,0.0,convention_zero,0.0,0.0,0.0,convention_zero,0.0,0.0,0.0,convention_zero,0.0,0.0,0.0,convention_zero,0.0,0.0,0.0,convention_zero
00-0022761,Andy Hall,2004,2005,QB,185,6,5.220355825078324,1980-11-26,24.763860369609855,,True,0.0,0.0,0.0,convention_zero,0.0,0.0,0.0,convention_zero,0.0,0.0,0.0,convention_zero,0.0,0.0,0.0,convention_zero,0.0,0.0,0.0,convention_zero
00-0022800,Josh Harris,2004,2005,QB,187,6,5.231108616854587,1982-09-09,22.978781656399725,,True,0.0,0.0,0.0,convention_zero,0.0,0.0,0.0,convention_zero,0.0,0.0,0.0,convention_zero,0.0,0.0,0.0,convention_zero,0.0,0.0,0.0,convention_zero
00-0022219,Matt Kranchick,2004,2005,TE,194,6,5.267858159063328,1979-12-13,25.71937029431896,2005.0,True,1.0,1.6,4.0,artifact,0.0,0.0,0.0,convention_zero,0.0,0.0,0.0,convention_zero,0.0,0.0,0.0,convention_zero,0.0,0.0,0.0,convention_zero
00-0022765,Jeff Smoker,2004,2005,QB,201,6,5.303304908059076,1981-06-13,24.21902806297057,,True,0.0,0.0,0.0,convention_zero,0.0,0.0,0.0,convention_zero,0.0,0.0,0.0,convention_zero,0.0,0.0,0.0,convention_zero,0.0,0.0,0.0,convention_zero
00-0022686,Sloan Thomas,2004,2005,WR,211,7,5.351858133476067,1981-12-22,23.693360711841205,2005.0,True,1.0,0.0,1.0,artifact,0.0,0.0,0.0,convention_zero,0.0,0.0,0.0,convention_zero,0.0,0.0,0.0,convention_zero,0.0,0.0,0.0,convention_zero
00-0022829,Casey Bramlet,2004,2005,QB,218,7,5.384495062789089,1981-04-02,24.416153319644078,,True,0.0,0.0,0.0,convention_zero,0.0,0.0,0.0,convention_zero,0.0,0.0,0.0,convention_zero,0.0,0.0,0.0,convention_zero,0.0,0.0,0.0,convention_zero
00-0022801,Quincy Wilson,2004,2005,RB,219,7,5.389071729816501,1981-04-26,24.35044490075291,2006.0,True,0.0,0.0,0.0,convention_zero,1.0,0.2,1.0,artifact,0.0,0.0,0.0,convention_zero,0.0,0.0,0.0,convention_zero,0.0,0.0,0.0,convention_zero
00-0022768,Matt Mauck,2004,2005,QB,225,7,5.41610040220442,1979-02-12,26.55167693360712,2005.0,True,1.0,4.84,1.0,artifact,0.0,0.0,0.0,convention_zero,0.0,0.0,0.0,convention_zero,0.0,0.0,0.0,convention_zero,0.0,0.0,0.0,convention_zero
00-0022748,Erik Jensen,2004,2005,TE,237,7,5.4680601411351315,1980-10-11,24.889801505817932,,True,0.0,0.0,0.0,convention_zero,0.0,0.0,0.0,convention_zero,0.0,0.0,0.0,convention_zero,0.0,0.0,0.0,convention_zero,0.0,0.0,0.0,convention_zero
00-0022733,Bruce Perry,2004,2005,RB,242,7,5.488937726156687,1981-03-22,24.44626967830253,2005.0,True,1.0,0.4,1.0,artifact,1.0,0.0,2.0,artifact,0.0,0.0,0.0,convention_zero,0.0,0.0,0.0,convention_zero,0.0,0.0,0.0,convention_zero
00-0022830,Derek Abney,2004,2005,WR,244,7,5.497168225293202,1980-12-19,24.700889801505816,,True,0.0,0.0,0.0,convention_zero,0.0,0.0,0.0,convention_zero,0.0,0.0,0.0,convention_zero,0.0,0.0,0.0,convention_zero,0.0,0.0,0.0,convention_zero
00-0022773,Brandon Miree,2004,2005,RB,247,7,5.5093883366279774,1981-04-14,24.383299110198493,2006.0,True,0.0,0.0,0.0,convention_zero,1.0,14.7,4.0,artifact,0.0,0.0,0.0,convention_zero,0.0,0.0,0.0,convention_zero,0.0,0.0,0.0,convention_zero
00-0022720,B.J. Symons,2004,2005,QB,248,7,5.5134287461649825,1980-11-19,24.78302532511978,,True,0.0,0.0,0.0,convention_zero,0.0,0.0,0.0,convention_zero,0.0,0.0,0.0,convention_zero,0.0,0.0,0.0,convention_zero,0.0,0.0,0.0,convention_zero
00-0022774,Bradlee Van Pelt,2004,2005,QB,250,7,5.521460917862246,1980-07-03,25.163586584531142,2005.0,True,1.0,6.7,1.0,artifact,0.0,0.0,0.0,convention_zero,0.0,0.0,0.0,convention_zero,0.0,0.0,0.0,convention_zero,0.0,0.0,0.0,convention_zero
00-0023460,Jason Campbell,2005,2006,QB,25,1,3.2188758248682006,1981-12-31,24.66803559206023,2006.0,True,1.0,73.28,6.0,artifact,1.0,146.60000000000002,13.0,artifact,1.0,179.46,15.0,artifact,1.0,198.28,15.0,artifact,1.0,145.18,12.0,artifact
00-0023489,Eric Shelton,2005,2006,RB,54,2,3.9889840465642745,1983-06-23,23.19233401779603,2006.0,True,1.0,3.9,4.0,artifact,0.0,0.0,0.0,convention_zero,0.0,0.0,0.0,convention_zero,0.0,0.0,0.0,convention_zero,0.0,0.0,0.0,convention_zero
00-0023504,Andrew Walter,2005,2006,QB,69,3,4.23410650459726,1982-05-11,24.309377138945926,2006.0,True,1.0,38.080000000000005,12.0,artifact,1.0,1.52,1.0,artifact,1.0,4.0600000000000005,2.0,artifact,0.0,0.0,0.0,convention_zero,0.0,0.0,0.0,convention_zero
00-0023520,David Greene,2005,2006,QB,85,3,4.442651256490317,1982-06-22,24.194387405886378,,True,0.0,0.0,0.0,convention_zero,0.0,0.0,0.0,convention_zero,0.0,0.0,0.0,convention_zero,0.0,0.0,0.0,convention_zero,0.0,0.0,0.0,convention_zero
00-0023521,Kevin Everett,2005,2006,TE,86,3,4.454347296253507,1982-02-05,24.569472963723477,2006.0,True,1.0,1.1,4.0,artifact,1.0,1.3,1.0,artifact,0.0,0.0,0.0,convention_zero,0.0,0.0,0.0,convention_zero,0.0,0.0,0.0,convention_zero
00-0023551,Craphonso Thorpe,2005,2006,WR,116,4,4.7535901911063645,1983-06-27,23.1813826146475,2007.0,True,0.0,0.0,0.0,convention_zero,1.0,10.7,4.0,artifact,0.0,0.0,0.0,convention_zero,0.0,0.0,0.0,convention_zero,0.0,0.0,0.0,convention_zero
00-0023552,Chase Lyman,2005,2006,WR,118,4,4.770684624465665,1982-09-04,23.991786447638603,,True,0.0,0.0,0.0,convention_zero,0.0,0.0,0.0,convention_zero,0.0,0.0,0.0,convention_zero,0.0,0.0,0.0,convention_zero,0.0,0.0,0.0,convention_zero
00-0023554,Manuel White,2005,2006,RB,120,4,4.787491742782046,1982-07-02,24.16700889801506,,True,0.0,0.0,0.0,convention_zero,0.0,0.0,0.0,convention_zero,0.0,0.0,0.0,convention_zero,0.0,0.0,0.0,convention_zero,0.0,0.0,0.0,convention_zero
00-0023555,Stefan Lefors,2005,2006,QB,121,4,4.795790545596741,1981-06-07,25.234770704996578,,True,0.0,0.0,0.0,convention_zero,0.0,0.0,0.0,convention_zero,0.0,0.0,0.0,convention_zero,0.0,0.0,0.0,convention_zero,0.0,0.0,0.0,convention_zero
00-0023565,Fred Gibson,2005,2006,WR,131,4,4.875197323201151,1981-10-26,24.84873374401095,,True,0.0,0.0,0.0,convention_zero,0.0,0.0,0.0,convention_zero,0.0,0.0,0.0,convention_zero,0.0,0.0,0.0,convention_zero,0.0,0.0,0.0,convention_zero
00-0023574,Airese Currie,2005,2006,WR,140,5,4.941642422609304,1982-11-16,23.79192334017796,,True,0.0,0.0,0.0,convention_zero,0.0,0.0,0.0,convention_zero,0.0,0.0,0.0,convention_zero,0.0,0.0,0.0,convention_zero,0.0,0.0,0.0,convention_zero
00-0023577,Jerome Collins,2005,2006,TE,144,5,4.969813299576001,1982-08-18,24.03832991101985,,True,0.0,0.0,0.0,convention_zero,0.0,0.0,0.0,convention_zero,0.0,0.0,0.0,convention_zero,0.0,0.0,0.0,convention_zero,0.0,0.0,0.0,convention_zero
00-0023585,Adrian McPherson,2005,2006,QB,152,5,5.0238805208462765,1983-05-08,23.318275154004105,,True,0.0,0.0,0.0,convention_zero,0.0,0.0,0.0,convention_zero,0.0,0.0,0.0,convention_zero,0.0,0.0,0.0,convention_zero,0.0,0.0,0.0,convention_zero
00-0023628,Tony Jackson,2005,2006,TE,196,6,5.278114659230517,1982-07-05,24.15879534565366,,True,0.0,0.0,0.0,convention_zero,0.0,0.0,0.0,convention_zero,0.0,0.0,0.0,convention_zero,0.0,0.0,0.0,convention_zero,0.0,0.0,0.0,convention_zero
00-0023645,Derek Anderson,2005,2006,QB,213,6,5.3612921657094255,1983-06-15,23.21423682409309,2006.0,True,1.0,38.42,4.0,artifact,1.0,245.06,15.0,artifact,1.0,90.4,10.0,artifact,1.0,32.68,7.0,artifact,1.0,89.10000000000001,12.0,artifact
00-0023653,Rick Razzano,2005,2006,RB,221,7,5.3981627015177525,1981-01-28,25.590691307323752,,True,0.0,0.0,0.0,convention_zero,0.0,0.0,0.0,convention_zero,0.0,0.0,0.0,convention_zero,0.0,0.0,0.0,convention_zero,0.0,0.0,0.0,convention_zero
00-0023655,Marcus Maxwell,2005,2006,WR,223,7,5.407171771460119,1983-07-08,23.15126625598905,2007.0,True,0.0,0.0,0.0,convention_zero,1.0,1.5,2.0,artifact,0.0,0.0,0.0,convention_zero,0.0,0.0,0.0,convention_zero,0.0,0.0,0.0,convention_zero
00-0023657,Paris Warren,2005,2006,WR,225,7,5.41610040220442,1982-09-06,23.98631074606434,2006.0,True,1.0,9.4,3.0,artifact,0.0,0.0,0.0,convention_zero,0.0,0.0,0.0,convention_zero,0.0,0.0,0.0,convention_zero,0.0,0.0,0.0,convention_zero
00-0023668,Lionel Gates,2005,2006,RB,236,7,5.4638318050256105,1982-03-13,24.470910335386723,,True,0.0,0.0,0.0,convention_zero,0.0,0.0,0.0,convention_zero,0.0,0.0,0.0,convention_zero,0.0,0.0,0.0,convention_zero,0.0,0.0,0.0,convention_zero
00-0023672,Harry Williams,2005,2006,WR,240,7,5.480638923341991,1982-08-10,24.060232717316907,2007.0,True,0.0,0.0,0.0,convention_zero,1.0,0.0,1.0,artifact,0.0,0.0,0.0,convention_zero,0.0,0.0,0.0,convention_zero,0.0,0.0,0.0,convention_zero
00-0023685,J.R. Russell,2005,2006,WR,253,7,5.53338948872752,1981-12-05,24.739219712525667,,True,0.0,0.0,0.0,convention_zero,0.0,0.0,0.0,convention_zero,0.0,0.0,0.0,convention_zero,0.0,0.0,0.0,convention_zero,0.0,0.0,0.0,convention_zero
00-0024319,Cory Rodgers,2006,2007,WR,104,4,4.6443908991413725,1983-02-22,24.522929500342233,,True,0.0,0.0,0.0,convention_zero,0.0,0.0,0.0,convention_zero,0.0,0.0,0.0,convention_zero,0.0,0.0,0.0,convention_zero,0.0,0.0,0.0,convention_zero
00-0024345,Domenik Hixon,2006,2007,WR,130,4,4.867534450455582,1984-10-08,22.89664613278576,2007.0,True,1.0,0.7,12.0,artifact,1.0,103.0,15.0,artifact,1.0,45.7,12.0,artifact,0.0,0.0,0.0,convention_zero,1.0,15.0,2.0,artifact
00-0024346,P.J. Daniels,2006,2007,RB,132,4,4.882801922586371,1982-12-21,24.695414099931554,,True,0.0,0.0,0.0,convention_zero,0.0,0.0,0.0,convention_zero,0.0,0.0,0.0,convention_zero,0.0,0.0,0.0,convention_zero,0.0,0.0,0.0,convention_zero
00-0024358,Marques Hagans,2006,2007,WR,144,5,4.969813299576001,1982-12-29,24.673511293634498,2007.0,True,1.0,17.7,4.0,artifact,1.0,2.1,2.0,artifact,0.0,0.0,0.0,convention_zero,0.0,0.0,0.0,convention_zero,0.0,0.0,0.0,convention_zero
00-0024364,Jason Pociask,2006,2007,TE,150,5,5.0106352940962555,1983-02-09,24.55852156057495,2007.0,True,1.0,1.7000000000000002,1.0,artifact,0.0,0.0,0.0,convention_zero,0.0,0.0,0.0,convention_zero,0.0,0.0,0.0,convention_zero,0.0,0.0,0.0,convention_zero
00-0024377,David Kirtman,2006,2007,RB,163,5,5.093750200806762,1983-02-12,24.550308008213552,,True,0.0,0.0,0.0,convention_zero,0.0,0.0,0.0,convention_zero,0.0,0.0,0.0,convention_zero,0.0,0.0,0.0,convention_zero,0.0,0.0,0.0,convention_zero
00-0024378,Omar Jacobs,2006,2007,QB,164,5,5.099866427824199,1984-03-03,23.496235455167692,,True,0.0,0.0,0.0,convention_zero,0.0,0.0,0.0,convention_zero,0.0,0.0,0.0,convention_zero,0.0,0.0,0.0,convention_zero,0.0,0.0,0.0,convention_zero
00-0024381,Charles Davis,2006,2007,TE,167,5,5.117993812416755,1983-03-13,24.470910335386723,,True,0.0,0.0,0.0,convention_zero,0.0,0.0,0.0,convention_zero,0.0,0.0,0.0,convention_zero,0.0,0.0,0.0,convention_zero,0.0,0.0,0.0,convention_zero
00-0024385,Mike Hass,2006,2007,WR,171,6,5.14166355650266,1983-01-02,24.66255989048597,,True,0.0,0.0,0.0,convention_zero,0.0,0.0,0.0,convention_zero,0.0,0.0,0.0,convention_zero,0.0,0.0,0.0,convention_zero,0.0,0.0,0.0,convention_zero
00-0024386,Jonathan Orr,2006,2007,WR,172,6,5.147494476813453,1983-03-20,24.451745379876797,,True,0.0,0.0,0.0,convention_zero,0.0,0.0,0.0,convention_zero,0.0,0.0,0.0,convention_zero,0.0,0.0,0.0,convention_zero,0.0,0.0,0.0,convention_zero
00-0024409,J.D. Runnels,2006,2007,RB,195,6,5.272999558563747,1984-06-19,23.200547570157426,,True,0.0,0.0,0.0,convention_zero,0.0,0.0,0.0,convention_zero,0.0,0.0,0.0,convention_zero,0.0,0.0,0.0,convention_zero,0.0,0.0,0.0,convention_zero
00-0024416,T.J. Williams,2006,2007,TE,202,6,5.308267697401205,1982-09-24,24.93634496919918,,True,0.0,0.0,0.0,convention_zero,0.0,0.0,0.0,convention_zero,0.0,0.0,0.0,convention_zero,0.0,0.0,0.0,convention_zero,0.0,0.0,0.0,convention_zero
00-0024432,Todd Watkins,2006,2007,WR,218,7,5.384495062789089,1983-06-22,24.194387405886378,2008.0,True,0.0,0.0,0.0,convention_zero,1.0,0.0,1.0,artifact,1.0,17.0,9.0,artifact,0.0,0.0,0.0,convention_zero,0.0,0.0,0.0,convention_zero
00-0024437,D.J. Shockley,2006,2007,QB,223,7,5.407171771460119,1983-03-23,24.4435318275154,,True,0.0,0.0,0.0,convention_zero,0.0,0.0,0.0,convention_zero,0.0,0.0,0.0,convention_zero,0.0,0.0,0.0,convention_zero,0.0,0.0,0.0,convention_zero
00-0024445,Bennie Brazell,2006,2007,WR,231,7,5.442417710521793,1982-06-02,25.248459958932237,,True,0.0,0.0,0.0,convention_zero,0.0,0.0,0.0,convention_zero,0.0,0.0,0.0,convention_zero,0.0,0.0,0.0,convention_zero,0.0,0.0,0.0,convention_zero
00-0024447,Devin Aromashodu,2006,2007,WR,233,7,5.4510384535657,1984-05-23,23.274469541409992,2007.0,True,1.0,14.9,3.0,artifact,0.0,0.0,0.0,convention_zero,1.0,56.2,6.0,artifact,1.0,24.9,8.0,artifact,1.0,70.5,14.0,artifact
00-0024454,Cedric Humes,2006,2007,RB,240,7,5.480638923341991,1983-08-07,24.0684462696783,,True,0.0,0.0,0.0,convention_zero,0.0,0.0,0.0,convention_zero,0.0,0.0,0.0,convention_zero,0.0,0.0,0.0,convention_zero,0.0,0.0,0.0,convention_zero
00-0024463,Ben Obomanu,2006,2007,WR,249,7,5.517452896464707,1983-10-30,23.838466803559207,2007.0,True,1.0,34.0,9.0,artifact,0.0,0.0,0.0,convention_zero,1.0,6.4,11.0,artifact,1.0,100.2,12.0,artifact,1.0,87.2,15.0,artifact
00-0024469,Kevin McMahan,2006,2007,WR,255,7,5.541263545158426,1983-03-02,24.501026694045173,,True,0.0,0.0,0.0,convention_zero,0.0,0.0,0.0,convention_zero,0.0,0.0,0.0,convention_zero,0.0,0.0,0.0,convention_zero,0.0,0.0,0.0,convention_zero
00-0025414,Robert Meachem,2007,2008,WR,27,1,3.295836866004329,1984-09-28,23.926078028747433,2008.0,True,1.0,54.3,7.0,artifact,1.0,176.20000000000002,14.0,artifact,1.0,138.0,15.0,artifact,1.0,140.4,14.0,artifact,1.0,46.1,9.0,artifact
00-0025430,Drew Stanton,2007,2008,QB,43,2,3.7612001156935624,1984-05-07,24.320328542094455,2008.0,True,1.0,10.76,3.0,artifact,1.0,5.66,3.0,artifact,1.0,56.5,6.0,artifact,0.0,0.0,0.0,convention_zero,0.0,0.0,0.0,convention_zero
00-0025436,Kenny Irons,2007,2008,RB,49,2,3.8918202981106265,1983-09-15,24.9637234770705,,True,0.0,0.0,0.0,convention_zero,0.0,0.0,0.0,convention_zero,0.0,0.0,0.0,convention_zero,0.0,0.0,0.0,convention_zero,0.0,0.0,0.0,convention_zero
00-0025466,Mike Sims-Walker,2007,2008,WR,79,3,4.3694478524670215,1984-11-21,23.7782340862423,2008.0,True,1.0,34.400000000000006,6.0,artifact,1.0,185.1,14.0,artifact,1.0,139.2,13.0,artifact,1.0,27.0,6.0,artifact,0.0,0.0,0.0,convention_zero
00-0025467,Paul Williams,2007,2008,WR,80,3,4.382026634673881,1983-12-02,24.750171115674195,2008.0,True,0.0,0.0,0.0,artifact,0.0,0.0,0.0,convention_zero,0.0,0.0,0.0,convention_zero,0.0,0.0,0.0,convention_zero,0.0,0.0,0.0,convention_zero
00-0025487,Michael Bush,2007,2008,RB,100,4,4.605170185988092,1984-06-16,24.210814510609172,2008.0,True,1.0,62.120000000000005,10.0,artifact,1.0,97.2,14.0,artifact,1.0,123.8,13.0,artifact,1.0,212.6,15.0,artifact,1.0,86.4,13.0,artifact
00-0025516,Scott Chandler,2007,2008,TE,129,4,4.859812404361672,1985-07-23,23.110198494182068,2010.0,True,0.0,0.0,0.0,convention_zero,0.0,0.0,0.0,convention_zero,1.0,1.8,5.0,artifact,1.0,105.0,13.0,artifact,1.0,134.1,15.0,artifact
00-0025538,Jeff Rowe,2007,2008,QB,151,5,5.017279836814924,1984-03-21,24.449007529089666,,True,0.0,0.0,0.0,convention_zero,0.0,0.0,0.0,convention_zero,0.0,0.0,0.0,convention_zero,0.0,0.0,0.0,convention_zero,0.0,0.0,0.0,convention_zero
00-0025544,David Clowney,2007,2008,WR,157,5,5.056245805348308,1985-07-07,23.15400410677618,2008.0,True,1.0,3.6,1.0,artifact,1.0,39.2,11.0,artifact,1.0,11.8,7.0,artifact,0.0,0.0,0.0,convention_zero,0.0,0.0,0.0,convention_zero
00-0025573,Thomas Clayton,2007,2008,RB,186,6,5.225746673713202,1984-04-26,24.35044490075291,2010.0,True,0.0,0.0,0.0,convention_zero,0.0,0.0,0.0,convention_zero,1.0,0.0,1.0,artifact,1.0,2.5,3.0,artifact,0.0,0.0,0.0,convention_zero
00-0025575,Joel Filani,2007,2008,WR,188,6,5.236441962829949,1983-12-08,24.733744010951405,,True,0.0,0.0,0.0,convention_zero,0.0,0.0,0.0,convention_zero,0.0,0.0,0.0,convention_zero,0.0,0.0,0.0,convention_zero,0.0,0.0,0.0,convention_zero
00-0025592,Jordan Palmer,2007,2008,QB,205,6,5.3230099791384085,1984-05-30,24.257357973990416,2008.0,True,1.0,-1.96,3.0,artifact,0.0,0.0,0.0,convention_zero,1.0,0.72,1.0,artifact,0.0,0.0,0.0,convention_zero,0.0,0.0,0.0,convention_zero
00-0025595,Justise Hairston,2007,2008,RB,208,6,5.337538079701318,1983-06-27,25.182751540041068,,True,0.0,0.0,0.0,convention_zero,0.0,0.0,0.0,convention_zero,0.0,0.0,0.0,convention_zero,0.0,0.0,0.0,convention_zero,0.0,0.0,0.0,convention_zero
00-0025597,Jordan Kent,2007,2008,WR,210,6,5.3471075307174685,1984-07-24,24.10677618069815,2008.0,True,1.0,0.0,3.0,artifact,1.0,0.0,2.0,artifact,0.0,0.0,0.0,convention_zero,0.0,0.0,0.0,convention_zero,0.0,0.0,0.0,convention_zero
00-0025603,Tyler Ecker,2007,2008,TE,216,7,5.375278407684165,1982-04-18,26.373716632443532,,True,0.0,0.0,0.0,convention_zero,0.0,0.0,0.0,convention_zero,0.0,0.0,0.0,convention_zero,0.0,0.0,0.0,convention_zero,0.0,0.0,0.0,convention_zero
00-0025614,Dallas Baker,2007,2008,WR,227,7,5.424950017481403,1982-11-10,25.809719370294317,2008.0,True,1.0,1.6,1.0,artifact,0.0,0.0,0.0,convention_zero,0.0,0.0,0.0,convention_zero,0.0,0.0,0.0,convention_zero,0.0,0.0,0.0,convention_zero
00-0025618,Michael Allan,2007,2008,TE,231,7,5.442417710521793,1983-09-08,24.982888432580424,,True,0.0,0.0,0.0,convention_zero,0.0,0.0,0.0,convention_zero,0.0,0.0,0.0,convention_zero,0.0,0.0,0.0,convention_zero,0.0,0.0,0.0,convention_zero
00-0025620,Chandler Williams,2007,2008,WR,233,7,5.4510384535657,1985-08-09,23.06365503080082,,True,0.0,0.0,0.0,convention_zero,0.0,0.0,0.0,convention_zero,0.0,0.0,0.0,convention_zero,0.0,0.0,0.0,convention_zero,0.0,0.0,0.0,convention_zero
00-0025621,Syndric Steptoe,2007,2008,WR,234,7,5.455321115357702,1984-12-06,23.737166324435318,2008.0,True,1.0,35.2,12.0,artifact,0.0,0.0,0.0,convention_zero,0.0,0.0,0.0,convention_zero,0.0,0.0,0.0,convention_zero,0.0,0.0,0.0,convention_zero
00-0025622,Chansi Stuckey,2007,2008,WR,235,7,5.459585514144159,1983-10-04,24.91170431211499,2008.0,True,1.0,77.0,11.0,artifact,1.0,74.4,13.0,artifact,1.0,78.1,14.0,artifact,1.0,5.9,4.0,artifact,0.0,0.0,0.0,convention_zero
00-0025630,Clark Harris,2007,2008,TE,243,7,5.493061443340548,1984-07-10,24.145106091718002,2009.0,True,0.0,0.0,0.0,convention_zero,1.0,0.0,1.0,artifact,1.0,0.0,3.0,artifact,1.0,0.0,3.0,artifact,1.0,0.0,3.0,artifact
00-0025641,Jonathan Holland,2007,2008,WR,254,7,5.537334267018537,1985-06-18,23.20602327173169,2008.0,True,1.0,0.0,2.0,artifact,1.0,0.0,9.0,artifact,0.0,0.0,0.0,convention_zero,0.0,0.0,0.0,convention_zero,0.0,0.0,0.0,convention_zero
00-0026196,Brian Brohm,2008,2009,QB,56,2,4.02535169073515,1985-09-23,23.939767282683093,2009.0,True,1.0,1.84,1.0,artifact,0.0,0.0,0.0,artifact,0.0,0.0,0.0,convention_zero,0.0,0.0,0.0,convention_zero,0.0,0.0,0.0,convention_zero
00-0026265,Arman Shields,2008,2009,WR,125,4,4.8283137373023015,1985-07-10,24.145106091718002,,True,0.0,0.0,0.0,convention_zero,0.0,0.0,0.0,convention_zero,0.0,0.0,0.0,convention_zero,0.0,0.0,0.0,convention_zero,0.0,0.0,0.0,convention_zero
00-0026276,Kenny Moore,2008,2009,WR,136,5,4.912654885736052,1985-02-19,24.531143052703626,2009.0,True,1.0,11.9,10.0,artifact,1.0,0.0,2.0,artifact,0.0,0.0,0.0,convention_zero,0.0,0.0,0.0,convention_zero,0.0,0.0,0.0,convention_zero
00-0026277,John David Booty,2008,2009,QB,137,5,4.919980925828125,1985-01-03,24.659822039698838,,True,0.0,0.0,0.0,convention_zero,0.0,0.0,0.0,convention_zero,0.0,0.0,0.0,convention_zero,0.0,0.0,0.0,convention_zero,0.0,0.0,0.0,convention_zero
00-0026300,Josh Johnson,2008,2009,QB,160,5,5.075173815233827,1986-05-15,23.299110198494184,2009.0,True,1.0,40.2,5.0,artifact,1.0,8.34,7.0,artifact,1.0,14.04,8.0,artifact,0.0,0.0,0.0,artifact,1.0,2.0,2.0,artifact
00-0026302,Erik Ainge,2008,2009,QB,162,5,5.087596335232384,1986-06-12,23.222450376454482,,True,0.0,0.0,0.0,convention_zero,0.0,0.0,0.0,convention_zero,0.0,0.0,0.0,convention_zero,0.0,0.0,0.0,convention_zero,0.0,0.0,0.0,convention_zero
00-0026311,Marcus Henry,2008,2009,WR,171,6,5.14166355650266,1986-02-21,23.526351813826146,,True,0.0,0.0,0.0,convention_zero,0.0,0.0,0.0,convention_zero,0.0,0.0,0.0,convention_zero,0.0,0.0,0.0,convention_zero,0.0,0.0,0.0,convention_zero
00-0026312,Thomas Brown,2008,2009,RB,172,6,5.147494476813453,1986-05-15,23.299110198494184,,True,0.0,0.0,0.0,convention_zero,0.0,0.0,0.0,convention_zero,0.0,0.0,0.0,convention_zero,0.0,0.0,0.0,convention_zero,0.0,0.0,0.0,convention_zero
00-0026326,Colt Brennan,2008,2009,QB,186,6,5.225746673713202,1983-08-16,26.04517453798768,,True,0.0,0.0,0.0,convention_zero,0.0,0.0,0.0,convention_zero,0.0,0.0,0.0,convention_zero,0.0,0.0,0.0,convention_zero,0.0,0.0,0.0,convention_zero
00-0026331,Paul Hubbard,2008,2009,WR,191,6,5.25227342804663,1985-06-12,24.2217659137577,2010.0,True,0.0,0.0,0.0,convention_zero,0.0,0.0,0.0,artifact,0.0,0.0,0.0,convention_zero,0.0,0.0,0.0,convention_zero,0.0,0.0,0.0,convention_zero
00-0026333,Jaymar Johnson,2008,2009,WR,193,6,5.262690188904886,1984-07-10,25.144421629021217,2009.0,True,1.0,1.9,5.0,artifact,0.0,0.0,0.0,convention_zero,0.0,0.0,0.0,convention_zero,0.0,0.0,0.0,convention_zero,0.0,0.0,0.0,convention_zero
00-0026338,Andre Woodson,2008,2009,QB,198,6,5.288267030694535,1984-04-25,25.352498288843258,,True,0.0,0.0,0.0,convention_zero,0.0,0.0,0.0,convention_zero,0.0,0.0,0.0,convention_zero,0.0,0.0,0.0,convention_zero,0.0,0.0,0.0,convention_zero
00-0026344,Lex Hilliard,2008,2009,RB,204,6,5.318119993844216,1984-07-30,25.089664613278575,2009.0,True,1.0,53.7,12.0,artifact,1.0,1.3,9.0,artifact,1.0,24.9,9.0,artifact,1.0,7.7,9.0,artifact,0.0,0.0,0.0,convention_zero
00-0026347,Matt Sherry,2008,2009,TE,207,6,5.332718793265369,1984-12-11,24.722792607802873,,True,0.0,0.0,0.0,convention_zero,0.0,0.0,0.0,convention_zero,0.0,0.0,0.0,convention_zero,0.0,0.0,0.0,convention_zero,0.0,0.0,0.0,convention_zero
00-0026355,Justin Harper,2008,2009,WR,215,7,5.3706380281276624,1985-02-24,24.517453798767967,2009.0,True,1.0,0.0,1.0,artifact,0.0,0.0,0.0,convention_zero,0.0,0.0,0.0,convention_zero,0.0,0.0,0.0,convention_zero,0.0,0.0,0.0,convention_zero
00-0026357,Brett Swain,2008,2009,WR,217,7,5.37989735354046,1985-06-21,24.197125256673512,2009.0,True,1.0,0.0,4.0,artifact,1.0,13.2,6.0,artifact,1.0,1.9,1.0,artifact,0.0,0.0,0.0,convention_zero,0.0,0.0,0.0,convention_zero
00-0026363,Alex Brink,2008,2009,QB,223,7,5.407171771460119,1985-06-02,24.249144421629023,,True,0.0,0.0,0.0,convention_zero,0.0,0.0,0.0,convention_zero,0.0,0.0,0.0,convention_zero,0.0,0.0,0.0,convention_zero,0.0,0.0,0.0,convention_zero
00-0026372,Keith Zinger,2008,2009,TE,232,7,5.44673737166631,1984-10-09,24.895277207392198,2009.0,True,1.0,0.0,2.0,artifact,0.0,0.0,0.0,convention_zero,0.0,0.0,0.0,convention_zero,0.0,0.0,0.0,convention_zero,0.0,0.0,0.0,convention_zero
00-0026377,Adrian Arrington,2008,2009,WR,237,7,5.4680601411351315,1985-11-07,23.81656399726215,2010.0,True,0.0,0.0,0.0,convention_zero,0.0,0.0,0.0,artifact,1.0,2.4000000000000004,1.0,artifact,0.0,0.0,0.0,convention_zero,0.0,0.0,0.0,convention_zero
00-0026379,Mike Merritt,2008,2009,TE,239,7,5.476463551931511,1984-09-03,24.993839835728952,,True,0.0,0.0,0.0,convention_zero,0.0,0.0,0.0,convention_zero,0.0,0.0,0.0,convention_zero,0.0,0.0,0.0,convention_zero,0.0,0.0,0.0,convention_zero
00-0026380,Allen Patrick,2008,2009,RB,240,7,5.480638923341991,1984-02-15,25.544147843942504,,True,0.0,0.0,0.0,convention_zero,0.0,0.0,0.0,convention_zero,0.0,0.0,0.0,convention_zero,0.0,0.0,0.0,convention_zero,0.0,0.0,0.0,convention_zero
00-0026386,Mario Urrutia,2008,2009,WR,246,7,5.5053315359323625,1986-01-18,23.619438740588638,,True,0.0,0.0,0.0,convention_zero,0.0,0.0,0.0,convention_zero,0.0,0.0,0.0,convention_zero,0.0,0.0,0.0,convention_zero,0.0,0.0,0.0,convention_zero
00-0026388,Marcus Monk,2008,2009,WR,248,7,5.5134287461649825,1986-04-26,23.351129363449694,,True,0.0,0.0,0.0,convention_zero,0.0,0.0,0.0,convention_zero,0.0,0.0,0.0,convention_zero,0.0,0.0,0.0,convention_zero,0.0,0.0,0.0,convention_zero
00-0027069,Chase Coffman,2009,2010,TE,98,3,4.584967478670572,1986-11-10,23.808350444900753,2010.0,True,0.0,0.0,0.0,artifact,0.0,0.0,0.0,convention_zero,1.0,2.2,1.0,artifact,1.0,0.0,1.0,artifact,1.0,18.4,8.0,artifact
00-0027071,Stephen McGee,2009,2010,QB,101,4,4.61512051684126,1985-09-27,24.928131416837783,2010.0,True,1.0,10.340000000000002,1.0,artifact,1.0,14.080000000000002,1.0,artifact,0.0,0.0,0.0,convention_zero,0.0,0.0,0.0,convention_zero,0.0,0.0,0.0,convention_zero
00-0027094,Andre Brown,2009,2010,RB,129,4,4.859812404361672,1986-12-15,23.71252566735113,2010.0,True,1.0,-0.1,1.0,artifact,0.0,0.0,0.0,convention_zero,1.0,109.1,10.0,artifact,1.0,94.4,7.0,artifact,0.0,0.0,0.0,convention_zero
00-0026915,Davon Drew,2009,2010,TE,149,5,5.003946305945459,1985-12-09,24.72826830937714,,True,0.0,0.0,0.0,convention_zero,0.0,0.0,0.0,convention_zero,0.0,0.0,0.0,convention_zero,0.0,0.0,0.0,convention_zero,0.0,0.0,0.0,convention_zero
00-0026916,Rhett Bomar,2009,2010,QB,151,5,5.017279836814924,1985-07-02,25.166324435318277,,True,0.0,0.0,0.0,convention_zero,0.0,0.0,0.0,convention_zero,0.0,0.0,0.0,convention_zero,0.0,0.0,0.0,convention_zero,0.0,0.0,0.0,convention_zero
00-0026917,Cornelius Ingram,2009,2010,TE,153,5,5.030437921392435,1985-06-10,25.22655715263518,,True,0.0,0.0,0.0,convention_zero,0.0,0.0,0.0,convention_zero,0.0,0.0,0.0,convention_zero,0.0,0.0,0.0,convention_zero,0.0,0.0,0.0,convention_zero
00-0027111,Brooks Foster,2009,2010,WR,160,5,5.075173815233827,1986-04-09,24.396988364134156,,True,0.0,0.0,0.0,convention_zero,0.0,0.0,0.0,convention_zero,0.0,0.0,0.0,convention_zero,0.0,0.0,0.0,convention_zero,0.0,0.0,0.0,convention_zero
00-0026923,John Nalbone,2009,2010,TE,161,5,5.081404364984463,1986-05-14,24.301163586584533,,True,0.0,0.0,0.0,convention_zero,0.0,0.0,0.0,convention_zero,0.0,0.0,0.0,convention_zero,0.0,0.0,0.0,convention_zero,0.0,0.0,0.0,convention_zero
00-0026926,Frank Summers,2009,2010,RB,169,5,5.1298987149230735,1985-09-06,24.985626283367555,2013.0,True,0.0,0.0,0.0,convention_zero,0.0,0.0,0.0,convention_zero,0.0,0.0,0.0,convention_zero,1.0,31.5,9.0,artifact,1.0,13.6,8.0,artifact
00-0027118,Nate Davis,2009,2010,QB,171,5,5.14166355650266,1987-05-25,23.27173169062286,,True,0.0,0.0,0.0,convention_zero,0.0,0.0,0.0,convention_zero,0.0,0.0,0.0,convention_zero,0.0,0.0,0.0,convention_zero,0.0,0.0,0.0,convention_zero
00-0027121,Tom Brandstater,2009,2010,QB,174,6,5.159055299214529,1984-10-21,25.861738535249827,2011.0,True,0.0,0.0,0.0,convention_zero,0.0,0.0,0.0,artifact,0.0,0.0,0.0,convention_zero,0.0,0.0,0.0,convention_zero,0.0,0.0,0.0,convention_zero
00-0026927,Mike Teel,2009,2010,QB,178,6,5.181783550292085,1986-01-06,24.65160848733744,,True,0.0,0.0,0.0,convention_zero,0.0,0.0,0.0,convention_zero,0.0,0.0,0.0,convention_zero,0.0,0.0,0.0,convention_zero,0.0,0.0,0.0,convention_zero
00-0026932,Cedric Peerman,2009,2010,RB,185,6,5.220355825078324,1986-10-10,23.89322381930185,2010.0,True,1.0,0.1,4.0,artifact,1.0,1.5,12.0,artifact,1.0,47.900000000000006,10.0,artifact,1.0,1.7000000000000002,11.0,artifact,1.0,10.0,12.0,artifact
00-0027137,Dominique Edison,2009,2010,WR,206,6,5.327876168789581,1986-07-16,24.128678986995208,,True,0.0,0.0,0.0,convention_zero,0.0,0.0,0.0,convention_zero,0.0,0.0,0.0,convention_zero,0.0,0.0,0.0,convention_zero,0.0,0.0,0.0,convention_zero
00-0027143,Fui Vakapuna,2009,2010,RB,215,7,5.3706380281276624,1984-03-09,26.480492813141684,,True,0.0,0.0,0.0,convention_zero,0.0,0.0,0.0,convention_zero,0.0,0.0,0.0,convention_zero,0.0,0.0,0.0,convention_zero,0.0,0.0,0.0,convention_zero
00-0026947,Eddie Williams,2009,2010,RB,221,7,5.3981627015177525,1987-08-22,23.028062970568104,2011.0,True,0.0,0.0,0.0,convention_zero,1.0,2.9000000000000004,2.0,artifact,0.0,0.0,0.0,convention_zero,0.0,0.0,0.0,convention_zero,0.0,0.0,0.0,convention_zero
00-0027146,Demetrius Byrd,2009,2010,WR,224,7,5.4116460518550396,1986-06-30,24.17248459958932,,True,0.0,0.0,0.0,convention_zero,0.0,0.0,0.0,convention_zero,0.0,0.0,0.0,convention_zero,0.0,0.0,0.0,convention_zero,0.0,0.0,0.0,convention_zero
00-0027149,Manuel Johnson,2009,2010,WR,229,7,5.43372200355424,1986-10-14,23.88227241615332,2010.0,True,1.0,0.0,1.0,artifact,0.0,0.0,0.0,convention_zero,0.0,0.0,0.0,convention_zero,0.0,0.0,0.0,convention_zero,0.0,0.0,0.0,convention_zero
00-0026966,Freddie Brown,2009,2010,WR,252,7,5.529429087511423,1986-06-24,24.188911704312115,,True,0.0,0.0,0.0,convention_zero,0.0,0.0,0.0,convention_zero,0.0,0.0,0.0,convention_zero,0.0,0.0,0.0,convention_zero,0.0,0.0,0.0,convention_zero
00-0027156,Tiquan Underwood,2009,2010,WR,253,7,5.53338948872752,1987-02-17,23.537303216974674,2010.0,True,1.0,19.1,10.0,artifact,1.0,6.0,4.0,artifact,1.0,77.8,13.0,artifact,1.0,71.7,11.0,artifact,0.0,0.0,0.0,convention_zero
00-0027890,Ben Tate,2010,2011,RB,58,2,4.060443010546419,1988-08-21,23.028062970568104,2011.0,True,1.0,112.9,14.0,artifact,1.0,53.1,10.0,artifact,1.0,145.10000000000002,14.0,artifact,1.0,76.10000000000001,11.0,artifact,0.0,0.0,0.0,convention_zero
00-0027666,Montario Hardesty,2010,2011,RB,59,2,4.07753744390572,1987-02-01,24.580424366872005,2011.0,True,1.0,53.0,8.0,artifact,1.0,33.0,9.0,artifact,0.0,0.0,0.0,convention_zero,0.0,0.0,0.0,convention_zero,0.0,0.0,0.0,convention_zero
00-0027708,Marcus Easley,2010,2011,WR,107,4,4.672828834461906,1987-11-02,23.83025325119781,2012.0,True,0.0,0.0,0.0,convention_zero,1.0,0.0,2.0,artifact,1.0,3.3,13.0,artifact,1.0,0.0,6.0,artifact,1.0,12.8,11.0,artifact
00-0027722,Mike Kafka,2010,2011,QB,122,4,4.804021044733257,1987-07-25,24.10403832991102,2011.0,True,1.0,0.2800000000000004,3.0,artifact,0.0,0.0,0.0,convention_zero,0.0,0.0,0.0,convention_zero,0.0,0.0,0.0,convention_zero,0.0,0.0,0.0,convention_zero
00-0027764,Kerry Meier,2010,2011,WR,165,5,5.10594547390058,1986-11-12,24.802190280629706,2011.0,True,1.0,0.0,1.0,artifact,0.0,0.0,0.0,convention_zero,0.0,0.0,0.0,convention_zero,0.0,0.0,0.0,convention_zero,0.0,0.0,0.0,convention_zero
00-0027767,Jonathan Crompton,2010,2011,QB,168,5,5.123963979403259,1987-07-25,24.10403832991102,,True,0.0,0.0,0.0,convention_zero,0.0,0.0,0.0,convention_zero,0.0,0.0,0.0,convention_zero,0.0,0.0,0.0,convention_zero,0.0,0.0,0.0,convention_zero
00-0027605,Dan LeFevour,2010,2011,QB,181,6,5.198497031265826,1987-03-19,24.45448323066393,,True,0.0,0.0,0.0,convention_zero,0.0,0.0,0.0,convention_zero,0.0,0.0,0.0,convention_zero,0.0,0.0,0.0,convention_zero,0.0,0.0,0.0,convention_zero
00-0027606,Trindon Holliday,2010,2011,WR,197,6,5.2832037287379885,1986-04-27,25.347022587268995,2011.0,True,1.0,0.0,1.0,artifact,1.0,15.7,15.0,artifact,1.0,12.7,14.0,artifact,1.0,0.0,1.0,artifact,0.0,0.0,0.0,convention_zero
00-0027797,Charles Scott,2010,2011,RB,200,6,5.298317366548036,1988-08-08,23.06365503080082,,True,0.0,0.0,0.0,convention_zero,0.0,0.0,0.0,convention_zero,0.0,0.0,0.0,convention_zero,0.0,0.0,0.0,convention_zero,0.0,0.0,0.0,convention_zero
00-0027827,Dedrick Epps,2010,2011,TE,235,7,5.459585514144159,1988-06-19,23.200547570157426,2012.0,True,0.0,0.0,0.0,convention_zero,1.0,-0.1,1.0,artifact,0.0,0.0,0.0,convention_zero,0.0,0.0,0.0,convention_zero,0.0,0.0,0.0,convention_zero
00-0027612,Ryan D'Imperio,2010,2011,RB,237,7,5.4680601411351315,1987-08-15,24.046543463381244,2011.0,True,1.0,2.7,10.0,artifact,0.0,0.0,0.0,convention_zero,0.0,0.0,0.0,convention_zero,0.0,0.0,0.0,convention_zero,0.0,0.0,0.0,convention_zero
00-0027830,Sean Canfield,2010,2011,QB,239,7,5.476463551931511,1986-11-12,24.802190280629706,,True,0.0,0.0,0.0,convention_zero,0.0,0.0,0.0,convention_zero,0.0,0.0,0.0,convention_zero,0.0,0.0,0.0,convention_zero,0.0,0.0,0.0,convention_zero
00-0027836,Jameson Konz,2010,2011,TE,245,7,5.501258210544727,1986-07-02,25.166324435318277,2011.0,True,1.0,0.0,1.0,artifact,0.0,0.0,0.0,convention_zero,0.0,0.0,0.0,convention_zero,0.0,0.0,0.0,convention_zero,0.0,0.0,0.0,convention_zero
00-0027841,Zac Robinson,2010,2011,QB,250,7,5.521460917862246,1986-09-29,24.922655715263517,,True,0.0,0.0,0.0,convention_zero,0.0,0.0,0.0,convention_zero,0.0,0.0,0.0,convention_zero,0.0,0.0,0.0,convention_zero,0.0,0.0,0.0,convention_zero
00-0027846,Tim Toone,2010,2011,WR,255,7,5.541263545158426,1985-02-14,26.543463381245722,,True,0.0,0.0,0.0,convention_zero,0.0,0.0,0.0,convention_zero,0.0,0.0,0.0,convention_zero,0.0,0.0,0.0,convention_zero,0.0,0.0,0.0,convention_zero
00-0027976,Ryan Williams,2011,2012,RB,38,2,3.6375861597263857,1990-04-09,22.39835728952772,2012.0,True,1.0,23.8,5.0,artifact,0.0,0.0,0.0,convention_zero,0.0,0.0,0.0,convention_zero,0.0,0.0,0.0,convention_zero,0.0,0.0,0.0,convention_zero
00-0027995,Mikel Leshoure,2011,2012,RB,57,2,4.04305126783455,1990-03-30,22.425735797399042,2012.0,True,1.0,172.5,13.0,artifact,1.0,0.9,1.0,artifact,0.0,0.0,0.0,convention_zero,0.0,0.0,0.0,convention_zero,0.0,0.0,0.0,convention_zero
00-0028012,Ryan Mallett,2011,2012,QB,74,3,4.30406509320417,1988-06-05,24.240930869267626,2012.0,True,1.0,-2.22,3.0,artifact,0.0,0.0,0.0,convention_zero,1.0,19.799999999999997,3.0,artifact,1.0,58.86,6.0,artifact,1.0,-0.04,3.0,artifact
00-0028073,Ricky Stanzi,2011,2012,QB,135,5,4.90527477843843,1987-09-03,24.996577686516083,,True,0.0,0.0,0.0,convention_zero,0.0,0.0,0.0,convention_zero,0.0,0.0,0.0,convention_zero,0.0,0.0,0.0,convention_zero,0.0,0.0,0.0,convention_zero
00-0028098,Nathan Enderle,2011,2012,QB,160,5,5.075173815233827,1988-01-12,24.637919233401778,,True,0.0,0.0,0.0,convention_zero,0.0,0.0,0.0,convention_zero,0.0,0.0,0.0,convention_zero,0.0,0.0,0.0,convention_zero,0.0,0.0,0.0,convention_zero
00-0028116,Aldrick Robinson,2011,2012,WR,178,6,5.181783550292085,1988-09-24,23.93702943189596,2012.0,True,1.0,54.1,9.0,artifact,1.0,60.0,12.0,artifact,1.0,1.6,2.0,artifact,0.0,0.0,0.0,convention_zero,1.0,58.7,12.0,artifact
00-0028120,Ronald Johnson,2011,2012,WR,182,6,5.204006687076795,1988-08-03,24.079397672826833,,True,0.0,0.0,0.0,convention_zero,0.0,0.0,0.0,convention_zero,0.0,0.0,0.0,convention_zero,0.0,0.0,0.0,convention_zero,0.0,0.0,0.0,convention_zero
00-0028121,Jordan Todman,2011,2012,RB,183,6,5.209486152841421,1990-02-24,22.518822724161534,2012.0,True,1.0,1.8,1.0,artifact,1.0,66.7,15.0,artifact,1.0,54.6,15.0,artifact,1.0,2.2,6.0,artifact,1.0,11.9,13.0,artifact
00-0028146,Greg McElroy,2011,2012,QB,208,7,5.337538079701318,1988-05-10,24.31211498973306,2012.0,True,1.0,11.56,2.0,artifact,0.0,0.0,0.0,convention_zero,0.0,0.0,0.0,convention_zero,0.0,0.0,0.0,convention_zero,0.0,0.0,0.0,convention_zero
00-0028161,Shane Bannon,2011,2012,RB,223,7,5.407171771460119,1989-04-20,23.367556468172484,,True,0.0,0.0,0.0,convention_zero,0.0,0.0,0.0,convention_zero,0.0,0.0,0.0,convention_zero,0.0,0.0,0.0,convention_zero,0.0,0.0,0.0,convention_zero
00-0028165,Scotty McKnight,2011,2012,WR,227,7,5.424950017481403,1988-02-11,24.555783709787818,,True,0.0,0.0,0.0,convention_zero,0.0,0.0,0.0,convention_zero,0.0,0.0,0.0,convention_zero,0.0,0.0,0.0,convention_zero,0.0,0.0,0.0,convention_zero
00-0028170,Baron Batch,2011,2012,RB,232,7,5.44673737166631,1987-12-21,24.698151950718685,2012.0,True,1.0,18.0,9.0,artifact,0.0,0.0,0.0,convention_zero,0.0,0.0,0.0,convention_zero,0.0,0.0,0.0,convention_zero,0.0,0.0,0.0,convention_zero
00-0028176,Daniel Hardy,2011,2012,TE,238,7,5.472270673671475,1987-09-07,24.985626283367555,,True,0.0,0.0,0.0,convention_zero,0.0,0.0,0.0,convention_zero,0.0,0.0,0.0,convention_zero,0.0,0.0,0.0,convention_zero,0.0,0.0,0.0,convention_zero
00-0028178,Stanley Havili,2011,2012,RB,240,7,5.480638923341991,1987-11-14,24.799452429842574,2012.0,True,1.0,19.5,12.0,artifact,1.0,33.699999999999996,11.0,artifact,0.0,0.0,0.0,convention_zero,0.0,0.0,0.0,convention_zero,0.0,0.0,0.0,convention_zero
00-0028184,Jay Finley,2011,2012,RB,246,7,5.5053315359323625,1988-05-15,24.298425735797398,,True,0.0,0.0,0.0,convention_zero,0.0,0.0,0.0,convention_zero,0.0,0.0,0.0,convention_zero,0.0,0.0,0.0,convention_zero,0.0,0.0,0.0,convention_zero
00-0029694,Michael Egnew,2012,2013,TE,78,3,4.356708826689592,1989-11-01,23.83299110198494,2013.0,True,1.0,13.9,7.0,artifact,0.0,0.0,0.0,convention_zero,0.0,0.0,0.0,convention_zero,0.0,0.0,0.0,convention_zero,0.0,0.0,0.0,convention_zero
00-0029667,Nick Toon,2012,2013,WR,122,4,4.804021044733257,1988-11-04,24.824093086926762,2013.0,True,1.0,10.8,5.0,artifact,1.0,39.5,5.0,artifact,0.0,0.0,0.0,convention_zero,0.0,0.0,0.0,convention_zero,0.0,0.0,0.0,convention_zero
00-0029281,Adrien Robinson,2012,2013,TE,127,4,4.844187086458591,1988-09-23,24.93908281998631,2014.0,True,0.0,0.0,0.0,convention_zero,1.0,16.0,8.0,artifact,0.0,0.0,0.0,convention_zero,0.0,0.0,0.0,convention_zero,0.0,0.0,0.0,convention_zero
00-0029573,Greg Childs,2012,2013,WR,134,4,4.897839799950911,1990-03-10,23.479808350444902,,True,0.0,0.0,0.0,convention_zero,0.0,0.0,0.0,convention_zero,0.0,0.0,0.0,convention_zero,0.0,0.0,0.0,convention_zero,0.0,0.0,0.0,convention_zero
00-0029633,Danny Coale,2012,2013,WR,152,5,5.0238805208462765,1988-06-27,25.180013689253936,,True,0.0,0.0,0.0,convention_zero,0.0,0.0,0.0,convention_zero,0.0,0.0,0.0,convention_zero,0.0,0.0,0.0,convention_zero,0.0,0.0,0.0,convention_zero
00-0029420,Bradie Ewing,2012,2013,RB,157,5,5.056245805348308,1989-12-26,23.682409308692677,2013.0,True,1.0,4.9,2.0,artifact,0.0,0.0,0.0,convention_zero,0.0,0.0,0.0,convention_zero,0.0,0.0,0.0,convention_zero,0.0,0.0,0.0,convention_zero
00-0029564,B.J. Cunningham,2012,2013,WR,183,6,5.209486152841421,1989-05-29,24.26009582477755,,True,0.0,0.0,0.0,convention_zero,0.0,0.0,0.0,convention_zero,0.0,0.0,0.0,convention_zero,0.0,0.0,0.0,convention_zero,0.0,0.0,0.0,convention_zero
00-0029300,Tommy Streeter,2012,2013,WR,198,6,5.288267030694535,1989-10-07,23.901437371663246,2014.0,True,0.0,0.0,0.0,convention_zero,1.0,0.0,1.0,artifact,0.0,0.0,0.0,convention_zero,0.0,0.0,0.0,convention_zero,0.0,0.0,0.0,convention_zero
00-0029427,Terrance Ganaway,2012,2013,RB,202,6,5.308267697401205,1988-10-07,24.90075290896646,,True,0.0,0.0,0.0,convention_zero,0.0,0.0,0.0,convention_zero,0.0,0.0,0.0,convention_zero,0.0,0.0,0.0,convention_zero,0.0,0.0,0.0,convention_zero
00-0029147,Drake Dunsmore,2012,2013,TE,233,7,5.4510384535657,1988-11-04,24.824093086926762,,True,0.0,0.0,0.0,convention_zero,0.0,0.0,0.0,convention_zero,0.0,0.0,0.0,convention_zero,0.0,0.0,0.0,convention_zero,0.0,0.0,0.0,convention_zero
00-0029552,Jeremy Ebert,2012,2013,WR,235,7,5.459585514144159,1989-04-06,24.40520191649555,2013.0,True,1.0,4.8,4.0,artifact,0.0,0.0,0.0,convention_zero,0.0,0.0,0.0,convention_zero,0.0,0.0,0.0,convention_zero,0.0,0.0,0.0,convention_zero
00-0029311,Junior Hemingway,2012,2013,WR,238,7,5.472270673671475,1988-12-27,24.67898699520876,2013.0,True,1.0,28.0,11.0,artifact,1.0,22.799999999999997,11.0,artifact,0.0,0.0,0.0,convention_zero,0.0,0.0,0.0,convention_zero,0.0,0.0,0.0,convention_zero
00-0029219,B.J. Coleman,2012,2013,QB,243,7,5.493061443340548,1988-09-16,24.958247775496236,,True,0.0,0.0,0.0,convention_zero,0.0,0.0,0.0,convention_zero,0.0,0.0,0.0,convention_zero,0.0,0.0,0.0,convention_zero,0.0,0.0,0.0,convention_zero
00-0029317,Edwin Baker,2012,2013,RB,250,7,5.521460917862246,1991-06-01,22.253251197809718,2013.0,True,1.0,34.0,2.0,artifact,1.0,0.2,1.0,artifact,0.0,0.0,0.0,convention_zero,0.0,0.0,0.0,convention_zero,0.0,0.0,0.0,convention_zero
00-0029554,Chandler Harnish,2012,2013,QB,253,7,5.53338948872752,1988-07-28,25.09514031485284,,True,0.0,0.0,0.0,convention_zero,0.0,0.0,0.0,convention_zero,0.0,0.0,0.0,convention_zero,0.0,0.0,0.0,convention_zero,0.0,0.0,0.0,convention_zero
00-0030506,Travis Kelce,2013,2014,TE,63,3,4.143134726391533,1989-10-05,24.906228610540726,2014.0,True,1.0,161.8,15.0,artifact,1.0,187.5,15.0,artifact,1.0,221.2,15.0,artifact,1.0,233.5,15.0,artifact,1.0,283.4,15.0,artifact
00-0030586,Ryan Nassib,2013,2014,QB,110,4,4.700480365792417,1990-03-10,24.479123887748116,2014.0,True,1.0,2.0999999999999996,2.0,artifact,1.0,6.720000000000001,1.0,artifact,0.0,0.0,0.0,convention_zero,0.0,0.0,0.0,convention_zero,0.0,0.0,0.0,convention_zero
00-0030568,Tyler Wilson,2013,2014,QB,112,4,4.718498871295094,1989-08-16,25.04312114989733,,True,0.0,0.0,0.0,convention_zero,0.0,0.0,0.0,convention_zero,0.0,0.0,0.0,convention_zero,0.0,0.0,0.0,convention_zero,0.0,0.0,0.0,convention_zero
00-0030524,Landry Jones,2013,2014,QB,115,4,4.74493212836325,1989-04-04,25.409993155373034,2015.0,True,0.0,0.0,0.0,convention_zero,1.0,22.02,7.0,artifact,1.0,12.84,6.0,artifact,1.0,-0.4,2.0,artifact,0.0,0.0,0.0,convention_zero
00-0030497,Marcus Lattimore,2013,2014,RB,131,4,4.875197323201151,1991-10-29,22.84188911704312,,True,0.0,0.0,0.0,convention_zero,0.0,0.0,0.0,convention_zero,0.0,0.0,0.0,convention_zero,0.0,0.0,0.0,convention_zero,0.0,0.0,0.0,convention_zero
00-0030091,Tavarres King,2013,2014,WR,161,5,5.081404364984463,1990-07-14,24.134154688569474,2014.0,True,0.0,0.0,0.0,artifact,0.0,0.0,0.0,convention_zero,1.0,1.6,2.0,artifact,1.0,60.3,8.0,artifact,0.0,0.0,0.0,convention_zero
00-0030095,Corey Fuller,2013,2014,WR,171,6,5.14166355650266,1990-06-23,24.191649555099247,2014.0,True,1.0,39.2,12.0,artifact,1.0,11.6,7.0,artifact,0.0,0.0,0.0,convention_zero,0.0,0.0,0.0,convention_zero,0.0,0.0,0.0,convention_zero
00-0030513,Latavius Murray,2013,2014,RB,181,6,5.198497031265826,1990-01-18,24.618754277891856,2014.0,True,1.0,72.0,12.0,artifact,1.0,195.2,15.0,artifact,1.0,204.7,13.0,artifact,1.0,133.1,15.0,artifact,1.0,130.1,15.0,artifact
00-0030466,Justin Brown,2013,2014,WR,186,6,5.225746673713202,1991-03-10,23.479808350444902,2014.0,True,1.0,19.4,6.0,artifact,0.0,0.0,0.0,convention_zero,0.0,0.0,0.0,convention_zero,0.0,0.0,0.0,convention_zero,0.0,0.0,0.0,convention_zero
00-0030288,Rex Burkhead,2013,2014,RB,190,6,5.247024072160486,1990-07-02,24.16700889801506,2014.0,True,1.0,20.6,6.0,artifact,1.0,23.8,14.0,artifact,1.0,47.5,13.0,artifact,1.0,129.8,10.0,artifact,1.0,39.5,7.0,artifact
00-0030105,Alan Bonner,2013,2014,WR,195,6,5.272999558563747,1990-11-05,23.822039698836413,,True,0.0,0.0,0.0,convention_zero,0.0,0.0,0.0,convention_zero,0.0,0.0,0.0,convention_zero,0.0,0.0,0.0,convention_zero,0.0,0.0,0.0,convention_zero
00-0030290,Cobi Hamilton,2013,2014,WR,197,6,5.2832037287379885,1990-11-13,23.800136892539356,2016.0,True,0.0,0.0,0.0,artifact,0.0,0.0,0.0,convention_zero,1.0,38.0,10.0,artifact,1.0,0.0,1.0,artifact,0.0,0.0,0.0,convention_zero
00-0030110,Michael Williams,2013,2014,TE,211,7,5.351858133476067,1990-09-08,23.980835044490075,2015.0,True,0.0,0.0,0.0,convention_zero,1.0,5.6,8.0,artifact,0.0,0.0,0.0,convention_zero,0.0,0.0,0.0,convention_zero,0.0,0.0,0.0,convention_zero
00-0030113,Charles Johnson,2013,2014,WR,216,7,5.375278407684165,1989-02-27,25.508555783709788,2014.0,True,1.0,88.3,10.0,artifact,1.0,21.7,6.0,artifact,1.0,41.1,13.0,artifact,0.0,0.0,0.0,convention_zero,0.0,0.0,0.0,convention_zero
00-0030291,D.C. Jefferson,2013,2014,TE,219,7,5.389071729816501,1989-05-07,25.319644079397673,,True,0.0,0.0,0.0,convention_zero,0.0,0.0,0.0,convention_zero,0.0,0.0,0.0,convention_zero,0.0,0.0,0.0,convention_zero,0.0,0.0,0.0,convention_zero
00-0030292,Brad Sorensen,2013,2014,QB,221,7,5.3981627015177525,1988-03-13,26.469541409993155,,True,0.0,0.0,0.0,convention_zero,0.0,0.0,0.0,convention_zero,0.0,0.0,0.0,convention_zero,0.0,0.0,0.0,convention_zero,0.0,0.0,0.0,convention_zero
00-0030116,Kevin Dorsey,2013,2014,WR,224,7,5.4116460518550396,1990-02-23,24.520191649555098,2014.0,True,1.0,1.4,1.0,artifact,0.0,0.0,0.0,convention_zero,0.0,0.0,0.0,convention_zero,0.0,0.0,0.0,convention_zero,0.0,0.0,0.0,convention_zero
00-0030415,Jawan Jamison,2013,2014,RB,228,7,5.429345628954441,1991-11-23,22.77344284736482,,True,0.0,0.0,0.0,convention_zero,0.0,0.0,0.0,convention_zero,0.0,0.0,0.0,convention_zero,0.0,0.0,0.0,convention_zero,0.0,0.0,0.0,convention_zero
00-0030394,Zac Dysert,2013,2014,QB,234,7,5.455321115357702,1990-02-08,24.56125941136208,,True,0.0,0.0,0.0,convention_zero,0.0,0.0,0.0,convention_zero,0.0,0.0,0.0,convention_zero,0.0,0.0,0.0,convention_zero,0.0,0.0,0.0,convention_zero
00-0030120,B.J. Daniels,2013,2014,QB,237,7,5.4680601411351315,1989-10-24,24.854209445585216,2015.0,True,0.0,0.0,0.0,convention_zero,1.0,4.680000000000001,5.0,artifact,0.0,0.0,0.0,convention_zero,0.0,0.0,0.0,convention_zero,0.0,0.0,0.0,convention_zero
00-0029896,Aaron Mellette,2013,2014,WR,238,7,5.472270673671475,1989-12-28,24.67624914442163,,True,0.0,0.0,0.0,convention_zero,0.0,0.0,0.0,convention_zero,0.0,0.0,0.0,convention_zero,0.0,0.0,0.0,convention_zero,0.0,0.0,0.0,convention_zero
00-0030569,Sean Renfree,2013,2014,QB,249,7,5.517452896464707,1990-04-28,24.344969199178646,2015.0,True,0.0,0.0,0.0,convention_zero,1.0,-1.96,2.0,artifact,0.0,0.0,0.0,convention_zero,0.0,0.0,0.0,convention_zero,0.0,0.0,0.0,convention_zero
00-0031056,Shaquelle Evans,2014,2015,WR,115,4,4.74493212836325,1991-03-07,24.487337440109513,,True,0.0,0.0,0.0,convention_zero,0.0,0.0,0.0,convention_zero,0.0,0.0,0.0,convention_zero,0.0,0.0,0.0,convention_zero,0.0,0.0,0.0,convention_zero
00-0031286,Arthur Lynch,2014,2015,TE,155,5,5.043425116919247,1990-06-17,25.207392197125255,,True,0.0,0.0,0.0,convention_zero,0.0,0.0,0.0,convention_zero,0.0,0.0,0.0,convention_zero,0.0,0.0,0.0,convention_zero,0.0,0.0,0.0,convention_zero
00-0031287,Aaron Murray,2014,2015,QB,163,5,5.093750200806762,1990-11-10,24.80766598220397,,True,0.0,0.0,0.0,convention_zero,0.0,0.0,0.0,convention_zero,0.0,0.0,0.0,convention_zero,0.0,0.0,0.0,convention_zero,0.0,0.0,0.0,convention_zero
00-0031288,A.J. McCarron,2014,2015,QB,164,5,5.099866427824199,1990-09-13,24.966461327857633,2015.0,True,1.0,40.66,6.0,artifact,0.0,0.0,0.0,convention_zero,1.0,2.64,2.0,artifact,1.0,0.12,2.0,artifact,1.0,0.0,1.0,artifact
00-0031021,Jared Abbrederis,2014,2015,WR,176,5,5.170483995038151,1990-12-17,24.706365503080082,2015.0,True,1.0,20.1,7.0,artifact,1.0,1.8,2.0,artifact,1.0,7.4,4.0,artifact,0.0,0.0,0.0,convention_zero,0.0,0.0,0.0,convention_zero
00-0031076,David Fales,2014,2015,QB,183,6,5.209486152841421,1990-10-04,24.908966461327857,2016.0,True,0.0,0.0,0.0,convention_zero,0.0,0.0,0.0,artifact,1.0,0.0,1.0,artifact,0.0,0.0,0.0,convention_zero,1.0,0.0,1.0,artifact
00-0031078,Lache Seastrunk,2014,2015,RB,186,6,5.225746673713202,1991-07-29,24.093086926762492,,True,0.0,0.0,0.0,convention_zero,0.0,0.0,0.0,convention_zero,0.0,0.0,0.0,convention_zero,0.0,0.0,0.0,convention_zero,0.0,0.0,0.0,convention_zero
00-0031189,T.J. Jones,2014,2015,WR,189,6,5.241747015059643,1992-07-19,23.11841204654346,2015.0,True,1.0,28.9,9.0,artifact,1.0,9.8,2.0,artifact,1.0,77.9,13.0,artifact,1.0,31.0,11.0,artifact,1.0,12.8,3.0,artifact
00-0031315,Matt Hazel,2014,2015,WR,190,6,5.247024072160486,1992-01-23,23.60574948665298,2015.0,True,1.0,0.0,1.0,artifact,0.0,0.0,0.0,convention_zero,1.0,1.1,2.0,artifact,0.0,0.0,0.0,convention_zero,0.0,0.0,0.0,convention_zero
00-0030998,Keith Wenning,2014,2015,QB,194,6,5.267858159063328,1991-02-14,24.54483230663929,,True,0.0,0.0,0.0,convention_zero,0.0,0.0,0.0,convention_zero,0.0,0.0,0.0,convention_zero,0.0,0.0,0.0,convention_zero,0.0,0.0,0.0,convention_zero
00-0031190,Tyler Gaffney,2014,2015,RB,204,6,5.318119993844216,1991-04-20,24.366872005475702,,True,0.0,0.0,0.0,convention_zero,0.0,0.0,0.0,convention_zero,0.0,0.0,0.0,convention_zero,0.0,0.0,0.0,convention_zero,0.0,0.0,0.0,convention_zero
00-0031023,Quincy Enunwa,2014,2015,WR,209,6,5.342334251964811,1992-05-31,23.252566735112936,2015.0,True,1.0,52.0,10.0,artifact,1.0,155.8,15.0,artifact,0.0,0.0,0.0,convention_zero,1.0,86.9,11.0,artifact,1.0,0.6,1.0,artifact
00-0031395,Garrett Gilbert,2014,2015,QB,214,6,5.365976015021851,1991-07-01,24.16974674880219,2018.0,True,0.0,0.0,0.0,convention_zero,0.0,0.0,0.0,convention_zero,0.0,0.0,0.0,convention_zero,0.0,0.0,0.0,artifact,1.0,-0.3,5.0,artifact
00-0031088,Ted Bolser,2014,2015,TE,217,7,5.37989735354046,1990-10-22,24.859685147159478,,True,0.0,0.0,0.0,convention_zero,0.0,0.0,0.0,convention_zero,0.0,0.0,0.0,convention_zero,0.0,0.0,0.0,convention_zero,0.0,0.0,0.0,convention_zero
00-0031194,Rob Blanchflower,2014,2015,TE,230,7,5.438079308923196,1990-06-08,25.232032854209447,,True,0.0,0.0,0.0,convention_zero,0.0,0.0,0.0,convention_zero,0.0,0.0,0.0,convention_zero,0.0,0.0,0.0,convention_zero,0.0,0.0,0.0,convention_zero
00-0031002,Tevin Reese,2014,2015,WR,240,7,5.480638923341991,1991-01-02,24.66255989048597,,True,0.0,0.0,0.0,convention_zero,0.0,0.0,0.0,convention_zero,0.0,0.0,0.0,convention_zero,0.0,0.0,0.0,convention_zero,0.0,0.0,0.0,convention_zero
00-0031545,Kevin White,2015,2016,WR,7,1,1.9459101490553132,1992-06-25,24.186173853524984,2016.0,True,1.0,38.6,4.0,artifact,1.0,2.6,1.0,artifact,1.0,10.0,2.0,artifact,0.0,0.0,0.0,convention_zero,1.0,0.0,1.0,artifact
00-0032054,Breshad Perriman,2015,2016,WR,26,1,3.258096538021482,1993-09-10,22.976043805612594,2016.0,True,1.0,90.9,14.0,artifact,1.0,17.7,11.0,artifact,1.0,48.2,9.0,artifact,1.0,113.7,13.0,artifact,1.0,87.7,11.0,artifact
00-0032148,Garrett Grayson,2015,2016,QB,75,3,4.31748811353631,1991-05-29,25.2621492128679,,True,0.0,0.0,0.0,convention_zero,0.0,0.0,0.0,convention_zero,0.0,0.0,0.0,convention_zero,0.0,0.0,0.0,convention_zero,0.0,0.0,0.0,convention_zero
00-0032227,Jeff Heuerman,2015,2016,TE,92,3,4.5217885770490405,1992-11-24,23.770020533880903,2016.0,True,1.0,19.0,5.0,artifact,1.0,33.3,9.0,artifact,1.0,71.1,11.0,artifact,1.0,31.4,8.0,artifact,0.0,0.0,0.0,convention_zero
00-0031568,Bryce Petty,2015,2016,QB,103,4,4.634728988229636,1991-05-31,25.256673511293634,2016.0,True,1.0,32.26,6.0,artifact,1.0,16.08,3.0,artifact,0.0,0.0,0.0,convention_zero,0.0,0.0,0.0,convention_zero,0.0,0.0,0.0,convention_zero
00-0032064,DeAndre Smelter,2015,2016,WR,132,4,4.882801922586371,1991-12-03,24.747433264887064,2016.0,True,0.0,0.0,0.0,artifact,0.0,0.0,0.0,convention_zero,0.0,0.0,0.0,convention_zero,0.0,0.0,0.0,convention_zero,0.0,0.0,0.0,convention_zero
00-0031589,Brett Hundley,2015,2016,QB,147,5,4.990432586778736,1993-06-15,23.21423682409309,2016.0,True,1.0,-1.52,4.0,artifact,1.0,114.06000000000002,10.0,artifact,0.0,0.0,0.0,convention_zero,1.0,5.46,2.0,artifact,0.0,0.0,0.0,convention_zero
00-0032113,Kenny Bell,2015,2016,WR,162,5,5.087596335232384,1992-02-25,24.517453798767967,,True,0.0,0.0,0.0,convention_zero,0.0,0.0,0.0,convention_zero,0.0,0.0,0.0,convention_zero,0.0,0.0,0.0,convention_zero,0.0,0.0,0.0,convention_zero
00-0031533,Randall Telfer,2015,2016,TE,198,6,5.288267030694535,1992-05-16,24.295687885010267,2016.0,True,1.0,2.4000000000000004,4.0,artifact,1.0,6.6,4.0,artifact,0.0,0.0,0.0,convention_zero,0.0,0.0,0.0,convention_zero,0.0,0.0,0.0,convention_zero
00-0031609,A.J. Derby,2015,2016,TE,202,6,5.308267697401205,1991-09-20,24.95003422313484,2016.0,True,1.0,30.0,7.0,artifact,1.0,53.5,10.0,artifact,1.0,13.8,3.0,artifact,0.0,0.0,0.0,convention_zero,0.0,0.0,0.0,convention_zero
00-0031617,Kennard Backman,2015,2016,TE,213,6,5.3612921657094255,1993-02-26,23.512662559890487,,True,0.0,0.0,0.0,convention_zero,0.0,0.0,0.0,convention_zero,0.0,0.0,0.0,convention_zero,0.0,0.0,0.0,convention_zero,0.0,0.0,0.0,convention_zero
00-0032121,Andre Debose,2015,2016,WR,221,7,5.3981627015177525,1990-09-12,25.971252566735114,,True,0.0,0.0,0.0,convention_zero,0.0,0.0,0.0,convention_zero,0.0,0.0,0.0,convention_zero,0.0,0.0,0.0,convention_zero,0.0,0.0,0.0,convention_zero
00-0032139,Ben Koyack,2015,2016,TE,229,7,5.43372200355424,1993-04-09,23.397672826830938,2016.0,True,1.0,29.6,9.0,artifact,1.0,10.8,6.0,artifact,0.0,0.0,0.0,convention_zero,1.0,1.9,3.0,artifact,0.0,0.0,0.0,convention_zero
00-0031960,Da'Ron Brown,2015,2016,WR,233,7,5.4510384535657,1991-09-21,24.947296372347708,,True,0.0,0.0,0.0,convention_zero,0.0,0.0,0.0,convention_zero,0.0,0.0,0.0,convention_zero,0.0,0.0,0.0,convention_zero,0.0,0.0,0.0,convention_zero
00-0032070,Dezmin Lewis,2015,2016,WR,234,7,5.455321115357702,1992-12-05,23.73990417522245,2016.0,True,1.0,0.0,1.0,artifact,0.0,0.0,0.0,convention_zero,0.0,0.0,0.0,convention_zero,0.0,0.0,0.0,convention_zero,0.0,0.0,0.0,convention_zero
00-0031625,Kenny Hilliard,2015,2016,RB,235,7,5.459585514144159,1991-10-03,24.914442162902123,,True,0.0,0.0,0.0,convention_zero,0.0,0.0,0.0,convention_zero,0.0,0.0,0.0,convention_zero,0.0,0.0,0.0,convention_zero,0.0,0.0,0.0,convention_zero
00-0032072,Rory Anderson,2015,2016,TE,254,7,5.537334267018537,1992-10-02,23.915126625598905,,True,0.0,0.0,0.0,convention_zero,0.0,0.0,0.0,convention_zero,0.0,0.0,0.0,convention_zero,0.0,0.0,0.0,convention_zero,0.0,0.0,0.0,convention_zero
00-0032190,Gerald Christian,2015,2016,TE,256,7,5.545177444479562,1991-08-26,25.018480492813143,2016.0,True,1.0,2.4000000000000004,1.0,artifact,0.0,0.0,0.0,convention_zero,0.0,0.0,0.0,convention_zero,0.0,0.0,0.0,convention_zero,0.0,0.0,0.0,convention_zero
00-0032953,Christian Hackenberg,2016,2017,QB,51,2,3.9318256327243257,1995-02-14,22.546201232032853,,True,0.0,0.0,0.0,convention_zero,0.0,0.0,0.0,convention_zero,0.0,0.0,0.0,convention_zero,0.0,0.0,0.0,convention_zero,0.0,0.0,0.0,convention_zero
00-0032341,Moritz Boehringer,2016,2017,WR,180,6,5.19295685089021,1993-10-16,23.876796714579054,,True,0.0,0.0,0.0,convention_zero,0.0,0.0,0.0,convention_zero,0.0,0.0,0.0,convention_zero,0.0,0.0,0.0,convention_zero,0.0,0.0,0.0,convention_zero
00-0033078,Keenan Reynolds,2016,2017,RB,182,6,5.204006687076795,1993-12-13,23.718001368925393,,True,0.0,0.0,0.0,convention_zero,0.0,0.0,0.0,convention_zero,0.0,0.0,0.0,convention_zero,0.0,0.0,0.0,convention_zero,0.0,0.0,0.0,convention_zero
00-0032792,Nate Sudfeld,2016,2017,QB,187,6,5.231108616854587,1993-10-07,23.901437371663246,2017.0,True,0.0,0.0,0.0,artifact,1.0,0.0,1.0,artifact,0.0,0.0,0.0,convention_zero,0.0,0.0,0.0,artifact,0.0,0.0,0.0,convention_zero
00-0032431,Jake Rudock,2016,2017,QB,191,6,5.25227342804663,1993-01-21,24.61054072553046,2017.0,True,1.0,-1.04,3.0,artifact,0.0,0.0,0.0,convention_zero,0.0,0.0,0.0,convention_zero,0.0,0.0,0.0,convention_zero,0.0,0.0,0.0,convention_zero
00-0032957,Kolby Listenbee,2016,2017,WR,192,6,5.2574953720277815,1994-01-25,23.600273785078713,,True,0.0,0.0,0.0,convention_zero,0.0,0.0,0.0,convention_zero,0.0,0.0,0.0,convention_zero,0.0,0.0,0.0,convention_zero,0.0,0.0,0.0,convention_zero
00-0032434,Brandon Allen,2016,2017,QB,201,6,5.303304908059076,1992-09-05,24.98836413415469,2019.0,True,0.0,0.0,0.0,convention_zero,0.0,0.0,0.0,convention_zero,1.0,32.5,3.0,artifact,1.0,51.58,4.0,artifact,1.0,4.12,4.0,artifact
00-0032436,Jeff Driskel,2016,2017,QB,207,6,5.332718793265369,1993-04-23,24.358658453114305,2018.0,True,0.0,0.0,0.0,convention_zero,1.0,80.02000000000001,7.0,artifact,1.0,58.1,3.0,artifact,1.0,30.08,3.0,artifact,0.0,0.0,0.0,convention_zero
00-0032440,Kelvin Taylor,2016,2017,RB,211,6,5.351858133476067,1993-09-28,23.926078028747433,,True,0.0,0.0,0.0,convention_zero,0.0,0.0,0.0,convention_zero,0.0,0.0,0.0,convention_zero,0.0,0.0,0.0,convention_zero,0.0,0.0,0.0,convention_zero
00-0033049,Darius Jackson,2016,2017,RB,216,6,5.375278407684165,1993-12-01,23.750855578370977,2018.0,True,0.0,0.0,0.0,convention_zero,1.0,0.0,1.0,artifact,0.0,0.0,0.0,convention_zero,0.0,0.0,0.0,convention_zero,0.0,0.0,0.0,convention_zero
00-0033054,Rico Gathers,2016,2017,TE,217,6,5.37989735354046,1994-01-07,23.64955509924709,2018.0,True,0.0,0.0,0.0,convention_zero,1.0,7.500000000000001,7.0,artifact,0.0,0.0,0.0,convention_zero,0.0,0.0,0.0,convention_zero,0.0,0.0,0.0,convention_zero
00-0032446,Brandon Doughty,2016,2017,QB,223,7,5.407171771460119,1991-10-06,25.905544147843944,,True,0.0,0.0,0.0,convention_zero,0.0,0.0,0.0,convention_zero,0.0,0.0,0.0,convention_zero,0.0,0.0,0.0,convention_zero,0.0,0.0,0.0,convention_zero
00-0032447,Devin Lucien,2016,2017,WR,225,7,5.41610040220442,1993-06-26,24.18343600273785,,True,0.0,0.0,0.0,convention_zero,0.0,0.0,0.0,convention_zero,0.0,0.0,0.0,convention_zero,0.0,0.0,0.0,convention_zero,0.0,0.0,0.0,convention_zero
00-0033061,Thomas Duarte,2016,2017,TE,231,7,5.442417710521793,1995-03-30,22.425735797399042,,True,0.0,0.0,0.0,convention_zero,0.0,0.0,0.0,convention_zero,0.0,0.0,0.0,convention_zero,0.0,0.0,0.0,convention_zero,0.0,0.0,0.0,convention_zero
00-0032451,Devin Fuller,2016,2017,WR,238,7,5.472270673671475,1994-01-29,23.589322381930184,,True,0.0,0.0,0.0,convention_zero,0.0,0.0,0.0,convention_zero,0.0,0.0,0.0,convention_zero,0.0,0.0,0.0,convention_zero,0.0,0.0,0.0,convention_zero
00-0032806,Keith Marshall,2016,2017,RB,242,7,5.488937726156687,1994-02-16,23.540041067761805,,True,0.0,0.0,0.0,convention_zero,0.0,0.0,0.0,convention_zero,0.0,0.0,0.0,convention_zero,0.0,0.0,0.0,convention_zero,0.0,0.0,0.0,convention_zero
00-0032453,Kenny Lawler,2016,2017,WR,243,7,5.493061443340548,1994-06-25,23.186858316221766,,True,0.0,0.0,0.0,convention_zero,0.0,0.0,0.0,convention_zero,0.0,0.0,0.0,convention_zero,0.0,0.0,0.0,convention_zero,0.0,0.0,0.0,convention_zero
00-0032808,Zac Brooks,2016,2017,RB,247,7,5.5093883366279774,1993-02-01,24.580424366872005,,True,0.0,0.0,0.0,convention_zero,0.0,0.0,0.0,convention_zero,0.0,0.0,0.0,convention_zero,0.0,0.0,0.0,convention_zero,0.0,0.0,0.0,convention_zero
00-0032900,Beau Sandland,2016,2017,TE,252,7,5.529429087511423,1993-02-23,24.520191649555098,,True,0.0,0.0,0.0,convention_zero,0.0,0.0,0.0,convention_zero,0.0,0.0,0.0,convention_zero,0.0,0.0,0.0,convention_zero,0.0,0.0,0.0,convention_zero
00-0033919,Carlos Henderson,2017,2018,WR,82,3,4.406719247264253,1994-12-19,23.701574264202602,,True,0.0,0.0,0.0,convention_zero,0.0,0.0,0.0,convention_zero,0.0,0.0,0.0,convention_zero,0.0,0.0,0.0,convention_zero,0.0,0.0,0.0,convention_zero
00-0033550,Davis Webb,2017,2018,QB,87,3,4.465908118654584,1995-01-22,23.60848733744011,2021.0,True,0.0,0.0,0.0,convention_zero,0.0,0.0,0.0,convention_zero,0.0,0.0,0.0,convention_zero,1.0,-0.3,1.0,artifact,0.0,0.0,0.0,artifact
00-0033286,Joe Williams,2017,2018,RB,121,4,4.795790545596741,1993-09-04,24.99110198494182,,True,0.0,0.0,0.0,convention_zero,0.0,0.0,0.0,convention_zero,0.0,0.0,0.0,convention_zero,0.0,0.0,0.0,convention_zero,0.0,0.0,0.0,convention_zero
00-0033561,Donnel Pumphrey,2017,2018,RB,132,4,4.882801922586371,1994-12-06,23.737166324435318,,True,0.0,0.0,0.0,convention_zero,0.0,0.0,0.0,convention_zero,0.0,0.0,0.0,convention_zero,0.0,0.0,0.0,convention_zero,0.0,0.0,0.0,convention_zero
00-0033949,Joshua Dobbs,2017,2018,QB,135,4,4.90527477843843,1995-01-26,23.59753593429158,2018.0,True,1.0,0.82,5.0,artifact,0.0,0.0,0.0,convention_zero,0.0,0.0,0.0,artifact,0.0,0.0,0.0,convention_zero,1.0,10.48,1.0,artifact
00-0033564,Jake Butt,2017,2018,TE,145,5,4.976733742420574,1995-07-11,23.143052703627653,2018.0,True,1.0,16.5,3.0,artifact,0.0,0.0,0.0,convention_zero,1.0,2.5,4.0,artifact,0.0,0.0,0.0,convention_zero,0.0,0.0,0.0,convention_zero
00-0033953,Jordan Leggett,2017,2018,TE,150,5,5.0106352940962555,1995-01-31,23.583846680355922,2018.0,True,1.0,29.7,12.0,artifact,0.0,0.0,0.0,convention_zero,0.0,0.0,0.0,convention_zero,0.0,0.0,0.0,convention_zero,0.0,0.0,0.0,convention_zero
00-0033957,Rodney Adams,2017,2018,WR,170,5,5.135798437050262,1994-09-15,23.96167008898015,2021.0,True,0.0,0.0,0.0,convention_zero,0.0,0.0,0.0,convention_zero,0.0,0.0,0.0,convention_zero,1.0,0.0,1.0,artifact,0.0,0.0,0.0,convention_zero
00-0033291,DeAngelo Yancey,2017,2018,WR,175,5,5.1647859739235145,1994-11-18,23.786447638603697,,True,0.0,0.0,0.0,convention_zero,0.0,0.0,0.0,convention_zero,0.0,0.0,0.0,convention_zero,0.0,0.0,0.0,convention_zero,0.0,0.0,0.0,convention_zero
00-0033789,T.J. Logan,2017,2018,RB,179,5,5.187385805840755,1994-09-03,23.994524298425734,2018.0,True,1.0,10.9,6.0,artifact,1.0,4.3,9.0,artifact,0.0,0.0,0.0,convention_zero,0.0,0.0,0.0,convention_zero,0.0,0.0,0.0,convention_zero
00-0033966,Bucky Hodges,2017,2018,TE,201,6,5.303304908059076,1995-08-08,23.066392881587955,,True,0.0,0.0,0.0,convention_zero,0.0,0.0,0.0,convention_zero,0.0,0.0,0.0,convention_zero,0.0,0.0,0.0,convention_zero,0.0,0.0,0.0,convention_zero
00-0033530,Robert Davis,2017,2018,WR,209,6,5.342334251964811,1995-04-02,23.416837782340863,2019.0,True,0.0,0.0,0.0,convention_zero,1.0,3.7,2.0,artifact,0.0,0.0,0.0,convention_zero,0.0,0.0,0.0,convention_zero,0.0,0.0,0.0,convention_zero
00-0033585,Brad Kaaya,2017,2018,QB,215,6,5.3706380281276624,1995-09-03,22.99520876112252,,True,0.0,0.0,0.0,convention_zero,0.0,0.0,0.0,convention_zero,0.0,0.0,0.0,convention_zero,0.0,0.0,0.0,convention_zero,0.0,0.0,0.0,convention_zero
00-0033589,David Moore,2017,2018,WR,226,7,5.420534999272286,1995-01-15,23.627652292950035,2018.0,True,1.0,97.4,13.0,artifact,1.0,54.6,13.0,artifact,1.0,117.3,15.0,artifact,1.0,0.0,2.0,artifact,0.0,0.0,0.0,convention_zero
00-0033471,Isaiah Ford,2017,2018,WR,237,7,5.4680601411351315,1996-02-09,22.559890485968516,2018.0,True,1.0,0.0,1.0,artifact,1.0,35.0,7.0,artifact,1.0,48.900000000000006,8.0,artifact,1.0,40.1,10.0,artifact,0.0,0.0,0.0,convention_zero
00-0033797,Khalfani Muhammad,2017,2018,RB,241,7,5.484796933490655,1994-09-26,23.9315537303217,,True,0.0,0.0,0.0,convention_zero,0.0,0.0,0.0,convention_zero,0.0,0.0,0.0,convention_zero,0.0,0.0,0.0,convention_zero,0.0,0.0,0.0,convention_zero
00-0033975,Elijah Hood,2017,2018,RB,242,7,5.488937726156687,1996-04-22,22.360027378507873,,True,0.0,0.0,0.0,convention_zero,0.0,0.0,0.0,convention_zero,0.0,0.0,0.0,convention_zero,0.0,0.0,0.0,convention_zero,0.0,0.0,0.0,convention_zero
00-0033305,Malachi Dupre,2017,2018,WR,247,7,5.5093883366279774,1995-10-12,22.888432580424368,,True,0.0,0.0,0.0,convention_zero,0.0,0.0,0.0,convention_zero,0.0,0.0,0.0,convention_zero,0.0,0.0,0.0,convention_zero,0.0,0.0,0.0,convention_zero
00-0033798,Mason Schreck,2017,2018,TE,251,7,5.5254529391317835,1993-11-04,24.824093086926762,2018.0,True,1.0,0.0,1.0,artifact,0.0,0.0,0.0,convention_zero,1.0,0.0,2.0,artifact,0.0,0.0,0.0,convention_zero,1.0,2.6,2.0,artifact
00-0033597,Chad Kelly,2017,2018,QB,253,7,5.53338948872752,1994-03-26,24.435318275154003,2018.0,True,1.0,-0.1,1.0,artifact,0.0,0.0,0.0,convention_zero,0.0,0.0,0.0,convention_zero,0.0,0.0,0.0,convention_zero,0.0,0.0,0.0,convention_zero
00-0034358,Derrius Guice,2018,2019,RB,59,2,4.07753744390572,1997-06-21,22.195756331279945,2019.0,True,1.0,57.400000000000006,5.0,artifact,0.0,0.0,0.0,convention_zero,0.0,0.0,0.0,convention_zero,0.0,0.0,0.0,convention_zero,0.0,0.0,0.0,convention_zero
00-0034771,Mason Rudolph,2018,2019,QB,76,3,4.330733340286331,1995-07-17,24.125941136208077,2019.0,True,1.0,108.8,10.0,artifact,1.0,-0.3400000000000001,3.0,artifact,1.0,18.38,2.0,artifact,0.0,0.0,0.0,convention_zero,1.0,31.58,3.0,artifact
00-0034267,Jaleel Scott,2018,2019,WR,132,4,4.882801922586371,1995-02-23,24.520191649555098,2019.0,True,0.0,0.0,0.0,artifact,1.0,2.6,1.0,artifact,0.0,0.0,0.0,convention_zero,0.0,0.0,0.0,convention_zero,0.0,0.0,0.0,convention_zero
00-0034393,Troy Fumagalli,2018,2019,TE,156,5,5.049856007249537,1995-02-17,24.536618754277892,2019.0,True,1.0,13.9,5.0,artifact,1.0,12.5,6.0,artifact,0.0,0.0,0.0,convention_zero,0.0,0.0,0.0,convention_zero,0.0,0.0,0.0,convention_zero
00-0034395,Daurice Fountain,2018,2019,WR,159,5,5.0689042022202315,1995-12-22,23.693360711841205,2020.0,True,0.0,0.0,0.0,convention_zero,1.0,4.300000000000001,2.0,artifact,1.0,0.0,1.0,artifact,0.0,0.0,0.0,convention_zero,0.0,0.0,0.0,convention_zero
00-0034271,Jordan Lasley,2018,2019,WR,162,5,5.087596335232384,1996-11-13,22.798083504449007,,True,0.0,0.0,0.0,convention_zero,0.0,0.0,0.0,convention_zero,0.0,0.0,0.0,convention_zero,0.0,0.0,0.0,convention_zero,0.0,0.0,0.0,convention_zero
00-0034401,Mike White,2018,2019,QB,171,5,5.14166355650266,1995-03-25,24.438056125941138,2021.0,True,0.0,0.0,0.0,convention_zero,0.0,0.0,0.0,convention_zero,1.0,44.02,4.0,artifact,1.0,56.58,4.0,artifact,1.0,2.06,6.0,artifact
00-0034406,Deon Cain,2018,2019,WR,185,6,5.220355825078324,1996-08-09,23.06091718001369,2019.0,True,1.0,21.4,11.0,artifact,0.0,0.0,0.0,convention_zero,0.0,0.0,0.0,convention_zero,0.0,0.0,0.0,convention_zero,0.0,0.0,0.0,convention_zero
00-0034409,Dylan Cantrell,2018,2019,WR,191,6,5.25227342804663,1994-06-29,25.17453798767967,,True,0.0,0.0,0.0,convention_zero,0.0,0.0,0.0,convention_zero,0.0,0.0,0.0,convention_zero,0.0,0.0,0.0,convention_zero,0.0,0.0,0.0,convention_zero
00-0034412,Luke Falk,2018,2019,QB,199,6,5.293304824724492,1994-12-28,24.67624914442163,2019.0,True,1.0,8.64,3.0,artifact,0.0,0.0,0.0,convention_zero,0.0,0.0,0.0,convention_zero,0.0,0.0,0.0,convention_zero,0.0,0.0,0.0,convention_zero
00-0034416,Tanner Lee,2018,2019,QB,203,6,5.313205979041787,1995-02-14,24.54483230663929,,True,0.0,0.0,0.0,convention_zero,0.0,0.0,0.0,convention_zero,0.0,0.0,0.0,convention_zero,0.0,0.0,0.0,convention_zero,0.0,0.0,0.0,convention_zero
00-0034418,Cedrick Wilson Jr.,2018,2019,WR,208,6,5.337538079701318,1995-11-20,23.78097193702943,2019.0,True,1.0,9.6,4.0,artifact,1.0,50.32000000000001,12.0,artifact,1.0,118.92,13.0,artifact,1.0,26.4,13.0,artifact,1.0,66.2,10.0,artifact
00-0034419,Braxton Berrios,2018,2019,WR,210,6,5.3471075307174685,1995-10-06,23.904175222450377,2019.0,True,1.0,15.4,15.0,artifact,1.0,90.7,15.0,artifact,1.0,121.1,16.0,artifact,1.0,57.68,16.0,artifact,1.0,55.0,15.0,artifact
00-0034423,Danny Etling,2018,2019,QB,219,7,5.389071729816501,1994-07-22,25.111567419575632,,True,0.0,0.0,0.0,convention_zero,0.0,0.0,0.0,convention_zero,0.0,0.0,0.0,convention_zero,0.0,0.0,0.0,convention_zero,0.0,0.0,0.0,convention_zero
00-0034732,Alex McGough,2018,2019,QB,220,7,5.393627546352362,1995-11-19,23.783709787816566,,True,0.0,0.0,0.0,convention_zero,0.0,0.0,0.0,convention_zero,0.0,0.0,0.0,convention_zero,0.0,0.0,0.0,convention_zero,0.0,0.0,0.0,convention_zero
00-0034432,Bo Scarbrough,2018,2019,RB,236,7,5.4638318050256105,1996-09-29,22.921286789869953,2019.0,True,1.0,39.0,5.0,artifact,1.0,3.1,1.0,artifact,0.0,0.0,0.0,convention_zero,0.0,0.0,0.0,convention_zero,0.0,0.0,0.0,convention_zero
00-0034433,Nick Bawden,2018,2019,RB,237,7,5.4680601411351315,1996-06-22,23.19233401779603,2019.0,True,1.0,5.7,7.0,artifact,0.0,0.0,0.0,convention_zero,1.0,3.0,1.0,artifact,0.0,0.0,0.0,convention_zero,1.0,11.5,6.0,artifact
00-0034438,Logan Woodside,2018,2019,QB,249,7,5.517452896464707,1995-01-27,24.594113620807665,2020.0,True,0.0,0.0,0.0,convention_zero,1.0,1.28,5.0,artifact,1.0,-0.6000000000000001,4.0,artifact,0.0,0.0,0.0,convention_zero,0.0,0.0,0.0,artifact
00-0034439,Ryan Izzo,2018,2019,TE,250,7,5.521460917862246,1995-12-21,23.696098562628336,2019.0,True,1.0,23.4,6.0,artifact,1.0,30.9,10.0,artifact,0.0,0.0,0.0,convention_zero,0.0,0.0,0.0,convention_zero,0.0,0.0,0.0,convention_zero
00-0034442,Austin Proehl,2018,2019,WR,255,7,5.541263545158426,1995-10-11,23.890485968514717,,True,0.0,0.0,0.0,convention_zero,0.0,0.0,0.0,convention_zero,0.0,0.0,0.0,convention_zero,0.0,0.0,0.0,convention_zero,0.0,0.0,0.0,convention_zero
00-0034971,Jalen Hurd,2019,2020,WR,67,3,4.204692619390966,1996-01-23,24.607802874743328,,True,0.0,0.0,0.0,convention_zero,0.0,0.0,0.0,convention_zero,0.0,0.0,0.0,convention_zero,0.0,0.0,0.0,convention_zero,0.0,0.0,0.0,convention_zero
00-0035660,Kahale Warring,2019,2020,TE,86,3,4.454347296253507,1997-03-23,23.444216290212182,2020.0,True,1.0,6.5,4.0,artifact,0.0,0.0,0.0,convention_zero,0.0,0.0,0.0,convention_zero,0.0,0.0,0.0,convention_zero,0.0,0.0,0.0,convention_zero
00-0035529,Hakeem Butler,2019,2020,WR,103,4,4.634728988229636,1996-05-16,24.295687885010267,2020.0,True,1.0,0.0,1.0,artifact,0.0,0.0,0.0,convention_zero,0.0,0.0,0.0,convention_zero,0.0,0.0,0.0,convention_zero,0.0,0.0,0.0,convention_zero
00-0035256,Bryce Love,2019,2020,RB,112,4,4.718498871295094,1997-07-08,23.15126625598905,,True,0.0,0.0,0.0,convention_zero,0.0,0.0,0.0,convention_zero,0.0,0.0,0.0,convention_zero,0.0,0.0,0.0,convention_zero,0.0,0.0,0.0,convention_zero
00-0035589,Gary Jennings Jr,2019,2020,WR,120,4,4.787491742782046,1997-03-07,23.488021902806295,,True,0.0,0.0,0.0,convention_zero,0.0,0.0,0.0,convention_zero,0.0,0.0,0.0,convention_zero,0.0,0.0,0.0,convention_zero,0.0,0.0,0.0,convention_zero
00-0035282,Easton Stick,2019,2020,QB,166,5,5.111987788356544,1995-09-09,24.980150581793293,2020.0,True,1.0,-0.04,1.0,artifact,0.0,0.0,0.0,convention_zero,0.0,0.0,0.0,convention_zero,1.0,51.540000000000006,4.0,artifact,0.0,0.0,0.0,convention_zero
00-0035283,Clayton Thorson,2019,2020,QB,167,5,5.117993812416755,1995-06-15,25.215605749486652,,True,0.0,0.0,0.0,convention_zero,0.0,0.0,0.0,convention_zero,0.0,0.0,0.0,convention_zero,0.0,0.0,0.0,convention_zero,0.0,0.0,0.0,convention_zero
00-0035291,Trayveon Williams,2019,2020,RB,182,6,5.204006687076795,1997-10-18,22.872005475701574,2020.0,True,1.0,13.000000000000002,5.0,artifact,1.0,1.3,3.0,artifact,1.0,8.0,6.0,artifact,1.0,15.1,15.0,artifact,1.0,0.0,4.0,artifact
00-0035296,Marcus Green,2019,2020,WR,203,6,5.313205979041787,1996-08-13,24.05201916495551,,True,0.0,0.0,0.0,convention_zero,0.0,0.0,0.0,convention_zero,0.0,0.0,0.0,convention_zero,0.0,0.0,0.0,convention_zero,0.0,0.0,0.0,convention_zero
00-0035299,Rodney Anderson,2019,2020,RB,211,6,5.351858133476067,1996-09-12,23.969883641341546,,True,0.0,0.0,0.0,convention_zero,0.0,0.0,0.0,convention_zero,0.0,0.0,0.0,convention_zero,0.0,0.0,0.0,convention_zero,0.0,0.0,0.0,convention_zero
00-0035303,Mike Weber,2019,2020,RB,218,7,5.384495062789089,1997-08-27,23.014373716632445,,True,0.0,0.0,0.0,convention_zero,0.0,0.0,0.0,convention_zero,0.0,0.0,0.0,convention_zero,0.0,0.0,0.0,convention_zero,0.0,0.0,0.0,convention_zero
00-0035309,Alizé Mack,2019,2020,TE,231,7,5.442417710521793,1997-03-29,23.42778918548939,,True,0.0,0.0,0.0,convention_zero,0.0,0.0,0.0,convention_zero,0.0,0.0,0.0,convention_zero,0.0,0.0,0.0,convention_zero,0.0,0.0,0.0,convention_zero
00-0035310,Chandler Cox,2019,2020,RB,233,7,5.4510384535657,1996-07-29,24.093086926762492,2020.0,True,1.0,2.9000000000000004,2.0,artifact,0.0,0.0,0.0,convention_zero,0.0,0.0,0.0,convention_zero,0.0,0.0,0.0,convention_zero,0.0,0.0,0.0,convention_zero
00-0035313,Terry Godwin,2019,2020,WR,237,7,5.4680601411351315,1996-10-23,23.857631759069132,2020.0,True,1.0,0.0,1.0,artifact,0.0,0.0,0.0,convention_zero,0.0,0.0,0.0,convention_zero,0.0,0.0,0.0,convention_zero,0.0,0.0,0.0,convention_zero
00-0035002,Dillon Mitchell,2019,2020,WR,239,7,5.476463551931511,1997-05-16,23.29637234770705,,True,0.0,0.0,0.0,convention_zero,0.0,0.0,0.0,convention_zero,0.0,0.0,0.0,convention_zero,0.0,0.0,0.0,convention_zero,0.0,0.0,0.0,convention_zero
00-0035320,Caleb Wilson,2019,2020,TE,254,7,5.537334267018537,1996-07-15,24.13141683778234,2020.0,True,0.0,0.0,0.0,artifact,0.0,0.0,0.0,convention_zero,0.0,0.0,0.0,convention_zero,0.0,0.0,0.0,convention_zero,0.0,0.0,0.0,convention_zero
00-0036264,Jordan Love,2020,2021,QB,26,1,3.258096538021482,1998-11-02,22.830937713894592,2021.0,True,1.0,13.880000000000004,5.0,artifact,1.0,11.7,4.0,artifact,1.0,300.52,16.0,artifact,1.0,231.1,14.0,artifact,1.0,235.14,15.0,artifact
00-0036226,Jacob Eason,2020,2021,QB,122,4,4.804021044733257,1997-11-17,23.789185489390828,2021.0,True,1.0,-1.0,1.0,artifact,1.0,0.3599999999999999,1.0,artifact,0.0,0.0,0.0,convention_zero,0.0,0.0,0.0,convention_zero,0.0,0.0,0.0,convention_zero
00-0036301,James Morgan,2020,2021,QB,125,4,4.8283137373023015,1997-02-28,24.50650239561944,,True,0.0,0.0,0.0,convention_zero,0.0,0.0,0.0,convention_zero,0.0,0.0,0.0,convention_zero,0.0,0.0,0.0,convention_zero,0.0,0.0,0.0,convention_zero
00-0036424,Brycen Hopkins,2020,2021,TE,136,4,4.912654885736052,1997-03-27,24.432580424366872,2021.0,True,1.0,1.9,1.0,artifact,1.0,17.900000000000002,6.0,artifact,1.0,6.1,4.0,artifact,0.0,0.0,0.0,convention_zero,0.0,0.0,0.0,convention_zero
00-0036197,Jake Fromm,2020,2021,QB,167,5,5.117993812416755,1998-07-30,23.091033538672143,2021.0,True,1.0,3.4800000000000004,2.0,artifact,0.0,0.0,0.0,convention_zero,0.0,0.0,0.0,convention_zero,0.0,0.0,0.0,convention_zero,0.0,0.0,0.0,convention_zero
00-0036308,Isaiah Coulter,2020,2021,WR,171,5,5.14166355650266,1998-09-18,22.954140999315538,2021.0,True,1.0,0.0,1.0,artifact,0.0,0.0,0.0,convention_zero,0.0,0.0,0.0,convention_zero,0.0,0.0,0.0,convention_zero,0.0,0.0,0.0,convention_zero
00-0036165,Isaiah Hodgins,2020,2021,WR,207,6,5.332718793265369,1998-10-21,22.863791923340177,2022.0,True,0.0,0.0,0.0,convention_zero,1.0,100.2,9.0,artifact,1.0,53.4,13.0,artifact,1.0,3.2,2.0,artifact,1.0,27.5,5.0,artifact
00-0036228,Dezmon Patmon,2020,2021,WR,212,6,5.356586274672012,1998-08-06,23.071868583162217,2021.0,True,1.0,10.1,4.0,artifact,1.0,4.4,1.0,artifact,0.0,0.0,0.0,convention_zero,0.0,0.0,0.0,convention_zero,0.0,0.0,0.0,convention_zero
00-0036259,Jauan Jennings,2020,2021,WR,217,7,5.37989735354046,1997-07-10,24.145106091718002,2021.0,True,1.0,54.8,12.0,artifact,1.0,80.6,15.0,artifact,1.0,51.5,13.0,artifact,1.0,198.3,14.0,artifact,1.0,165.8,14.0,artifact
00-0036383,Eno Benjamin,2020,2021,RB,222,7,5.402677381872279,1999-04-13,22.38740588637919,2021.0,True,1.0,18.4,7.0,artifact,1.0,89.30000000000001,12.0,artifact,0.0,0.0,0.0,convention_zero,0.0,0.0,0.0,convention_zero,0.0,0.0,0.0,convention_zero
00-0036279,Nate Stanley,2020,2021,QB,244,7,5.497168225293202,1997-08-26,24.016427104722794,,True,0.0,0.0,0.0,convention_zero,0.0,0.0,0.0,convention_zero,0.0,0.0,0.0,convention_zero,0.0,0.0,0.0,convention_zero,0.0,0.0,0.0,convention_zero
00-0036973,Travis Etienne,2021,2022,RB,25,1,3.2188758248682006,1999-01-26,23.59753593429158,2022.0,True,1.0,199.7,16.0,artifact,1.0,268.7,16.0,artifact,1.0,121.2,14.0,artifact,1.0,249.1,16.0,artifact,,,,unknown
00-0036928,Kyle Trask,2021,2022,QB,64,2,4.1588830833596715,1998-03-06,24.490075290896645,2022.0,True,0.0,0.0,0.0,artifact,1.0,-0.1,2.0,artifact,1.0,-0.2,3.0,artifact,0.0,0.0,0.0,convention_zero,,,,unknown
00-0036640,Zach Davidson,2021,2022,TE,168,5,5.123963979403259,1998-07-15,24.13141683778234,2024.0,True,0.0,0.0,0.0,convention_zero,0.0,0.0,0.0,convention_zero,1.0,1.5,2.0,artifact,0.0,0.0,0.0,convention_zero,,,,unknown
00-0036646,Simi Fehoko,2021,2022,WR,179,5,5.187385805840755,1997-11-05,24.82135523613963,2022.0,True,1.0,5.4,3.0,artifact,1.0,7.9,2.0,artifact,1.0,16.6,6.0,artifact,1.0,0.0,7.0,artifact,,,,unknown
00-0036647,Cornell Powell,2021,2022,WR,181,5,5.198497031265826,1997-10-30,24.83778234086242,,True,0.0,0.0,0.0,convention_zero,0.0,0.0,0.0,convention_zero,0.0,0.0,0.0,convention_zero,0.0,0.0,0.0,convention_zero,,,,unknown
00-0036536,Tre Nixon,2021,2022,WR,242,7,5.488937726156687,1998-01-26,24.5968514715948,,True,0.0,0.0,0.0,convention_zero,0.0,0.0,0.0,convention_zero,0.0,0.0,0.0,convention_zero,0.0,0.0,0.0,convention_zero,,,,unknown
00-0036578,Gerrid Doaks,2021,2022,RB,244,7,5.497168225293202,1998-06-09,24.229979466119097,,True,0.0,0.0,0.0,convention_zero,0.0,0.0,0.0,convention_zero,0.0,0.0,0.0,convention_zero,0.0,0.0,0.0,convention_zero,,,,unknown
00-0037614,John Metchie,2022,2023,WR,44,2,3.784189633918261,2000-07-18,23.121149897330596,2023.0,True,1.0,30.700000000000003,13.0,artifact,1.0,51.0,9.0,artifact,1.0,66.9,12.0,artifact,,,,unknown,,,,unknown
00-0038132,Matt Corral,2022,2023,QB,94,3,4.543294782270004,1999-01-31,24.583162217659137,,True,0.0,0.0,0.0,convention_zero,0.0,0.0,0.0,convention_zero,0.0,0.0,0.0,convention_zero,,,,unknown,,,,unknown
00-0037837,Calvin Austin III,2022,2023,WR,138,4,4.927253685157205,1999-03-24,24.44079397672827,2023.0,True,1.0,51.9,15.0,artifact,1.0,120.8,16.0,artifact,1.0,71.7,13.0,artifact,,,,unknown,,,,unknown
00-0037292,Andrew Ogletree,2022,2023,TE,192,6,5.2574953720277815,1998-07-28,25.09514031485284,2023.0,True,1.0,35.7,11.0,artifact,1.0,22.8,11.0,artifact,1.0,12.7,11.0,artifact,,,,unknown,,,,unknown
00-0037306,John FitzPatrick,2022,2023,TE,213,6,5.3612921657094255,2000-03-09,23.479808350444902,2023.0,True,1.0,0.0,2.0,artifact,1.0,1.2,1.0,artifact,1.0,25.2,11.0,artifact,,,,unknown,,,,unknown
00-0037317,Nick Muse,2022,2023,TE,227,7,5.424950017481403,1998-11-25,24.76659822039699,2023.0,True,0.0,0.0,0.0,artifact,0.0,0.0,0.0,convention_zero,0.0,0.0,0.0,convention_zero,,,,unknown,,,,unknown
00-0037091,Bo Melton,2022,2023,WR,229,7,5.43372200355424,1999-05-18,24.290212183436,2023.0,True,1.0,33.3,3.0,artifact,1.0,22.4,12.0,artifact,1.0,24.200000000000003,12.0,artifact,,,,unknown,,,,unknown
00-0037324,Chris Oladokun,2022,2023,QB,241,7,5.484796933490655,1997-09-03,25.99315537303217,2024.0,True,0.0,0.0,0.0,convention_zero,0.0,0.0,0.0,artifact,1.0,12.88,2.0,artifact,,,,unknown,,,,unknown
00-0038550,Hendon Hooker,2023,2024,QB,68,3,4.219507705176107,1998-01-13,26.633812457221083,2024.0,True,1.0,2.68,3.0,artifact,0.0,0.0,0.0,convention_zero,,,,unknown,,,,unknown,,,,unknown
00-0038564,Cameron Latu,2023,2024,TE,101,3,4.61512051684126,2000-02-24,24.520191649555098,2025.0,True,0.0,0.0,0.0,convention_zero,1.0,0.0,9.0,artifact,,,,unknown,,,,unknown,,,,unknown
00-0038998,Jake Haener,2023,2024,QB,127,4,4.844187086458591,1999-03-10,25.481177275838466,2024.0,True,1.0,13.24,8.0,artifact,0.0,0.0,0.0,convention_zero,,,,unknown,,,,unknown,,,,unknown
00-0039107,Stetson Bennett,2023,2024,QB,128,4,4.852030263919617,1997-10-28,26.844626967830255,,True,0.0,0.0,0.0,convention_zero,0.0,0.0,0.0,convention_zero,,,,unknown,,,,unknown,,,,unknown
00-0038590,Justin Shorter,2023,2024,WR,150,5,5.0106352940962555,2000-04-17,24.3750855578371,2024.0,True,1.0,0.0,1.0,artifact,1.0,0.0,3.0,artifact,,,,unknown,,,,unknown,,,,unknown
00-0038400,Tanner McKee,2023,2024,QB,188,6,5.236441962829949,2000-04-27,24.347707049965777,2024.0,True,1.0,9.96,1.0,artifact,1.0,1.82,3.0,artifact,,,,unknown,,,,unknown,,,,unknown
00-0038406,Zack Kuntz,2023,2024,TE,220,7,5.393627546352362,1999-06-09,25.232032854209447,,True,0.0,0.0,0.0,convention_zero,0.0,0.0,0.0,convention_zero,,,,unknown,,,,unknown,,,,unknown
00-0039046,DeWayne McBride,2023,2024,RB,222,7,5.402677381872279,2001-07-08,23.15126625598905,,True,0.0,0.0,0.0,convention_zero,0.0,0.0,0.0,convention_zero,,,,unknown,,,,unknown,,,,unknown
00-0038409,Lew Nichols,2023,2024,RB,235,7,5.459585514144159,2001-08-16,23.044490075290895,2025.0,True,0.0,0.0,0.0,convention_zero,1.0,0.0,1.0,artifact,,,,unknown,,,,unknown,,,,unknown
00-0038636,Kenny McIntosh,2023,2024,RB,237,7,5.4680601411351315,2000-03-03,24.49828884325804,2024.0,True,1.0,17.5,10.0,artifact,0.0,0.0,0.0,convention_zero,,,,unknown,,,,unknown,,,,unknown
00-0038637,Max Duggan,2023,2024,QB,239,7,5.476463551931511,2001-03-12,23.474332648870636,,True,0.0,0.0,0.0,convention_zero,0.0,0.0,0.0,convention_zero,,,,unknown,,,,unknown,,,,unknown
00-0038507,Grant Dubose,2023,2024,WR,256,7,5.545177444479562,2001-06-20,23.200547570157426,2024.0,True,1.0,3.0999999999999996,2.0,artifact,0.0,0.0,0.0,convention_zero,,,,unknown,,,,unknown,,,,unknown
00-0039923,J.J. McCarthy,2024,2025,QB,10,1,2.302585092994046,2003-01-20,22.614647501711158,2025.0,True,1.0,117.4,9.0,artifact,,,,unknown,,,,unknown,,,,unknown,,,,unknown
00-0039739,Roman Wilson,2024,2025,WR,84,3,4.430816798843313,2001-06-19,24.202600958247775,2025.0,True,1.0,38.6,9.0,artifact,,,,unknown,,,,unknown,,,,unknown,,,,unknown
00-0039797,Jordan Travis,2024,2025,QB,171,5,5.14166355650266,2000-05-02,25.333333333333332,,True,0.0,0.0,0.0,convention_zero,,,,unknown,,,,unknown,,,,unknown,,,,unknown
00-0039397,Tejhaun Palmer,2024,2025,WR,191,6,5.25227342804663,2000-05-19,25.286789869952088,,True,0.0,0.0,0.0,convention_zero,,,,unknown,,,,unknown,,,,unknown,,,,unknown
00-0039399,Tanner McLachlan,2024,2025,TE,194,6,5.267858159063328,1999-03-15,26.466803559206024,,True,0.0,0.0,0.0,convention_zero,,,,unknown,,,,unknown,,,,unknown,,,,unknown
00-0039405,Jawhar Jordan,2024,2025,RB,205,6,5.3230099791384085,1999-08-18,26.039698836413415,2025.0,True,1.0,29.4,3.0,artifact,,,,unknown,,,,unknown,,,,unknown,,,,unknown
00-0039801,Devin Leary,2024,2025,QB,218,6,5.384495062789089,1999-09-10,25.976728268309376,,True,0.0,0.0,0.0,convention_zero,,,,unknown,,,,unknown,,,,unknown,,,,unknown
00-0039415,Brenden Rice,2024,2025,WR,225,7,5.41610040220442,2002-03-18,23.457905544147845,,True,0.0,0.0,0.0,convention_zero,,,,unknown,,,,unknown,,,,unknown,,,,unknown
00-0039884,Tahj Washington,2024,2025,WR,241,7,5.484796933490655,2001-05-16,24.295687885010267,2025.0,True,1.0,0.1,1.0,artifact,,,,unknown,,,,unknown,,,,unknown,,,,unknown
00-0039238,Michael Pratt,2024,2025,QB,245,7,5.501258210544727,2001-09-30,23.920602327173167,,True,0.0,0.0,0.0,convention_zero,,,,unknown,,,,unknown,,,,unknown,,,,unknown
00-0039437,Cornelius Johnson,2024,2025,WR,253,7,5.53338948872752,2000-11-29,24.75564681724846,,True,0.0,0.0,0.0,convention_zero,,,,unknown,,,,unknown,,,,unknown,,,,unknown
00-0040692,Jarquez Hunter,2025,2026,RB,117,4,4.762173934797756,2002-12-29,23.67419575633128,,True,,,,unknown,,,,unknown,,,,unknown,,,,unknown,,,,unknown
00-0040177,Jordan James,2025,2026,RB,147,5,4.990432586778736,2004-03-29,22.425735797399042,,True,,,,unknown,,,,unknown,,,,unknown,,,,unknown,,,,unknown
00-0040014,Kyle McCord,2025,2026,QB,181,6,5.198497031265826,2002-09-19,23.95071868583162,,True,,,,unknown,,,,unknown,,,,unknown,,,,unknown,,,,unknown
00-0040203,Will Howard,2025,2026,QB,185,6,5.220355825078324,2001-09-24,24.93634496919918,,True,,,,unknown,,,,unknown,,,,unknown,,,,unknown,,,,unknown
00-0040211,Graham Mertz,2025,2026,QB,197,6,5.2832037287379885,2000-12-06,25.73579739904175,,True,,,,unknown,,,,unknown,,,,unknown,,,,unknown,,,,unknown
00-0040215,Gavin Bartholomew,2025,2026,TE,202,6,5.308267697401205,2003-04-30,23.340177960301162,,True,,,,unknown,,,,unknown,,,,unknown,,,,unknown,,,,unknown
00-0040220,Tommy Mellott,2025,2026,QB,213,6,5.3612921657094255,2001-10-16,24.876112251882272,,True,,,,unknown,,,,unknown,,,,unknown,,,,unknown,,,,unknown
00-0040222,Cam Miller,2025,2026,QB,215,6,5.3706380281276624,2001-06-18,25.204654346338124,,True,,,,unknown,,,,unknown,,,,unknown,,,,unknown,,,,unknown
00-0040651,Damien Martinez,2025,2026,RB,223,7,5.407171771460119,2004-01-31,22.584531143052704,,True,,,,unknown,,,,unknown,,,,unknown,,,,unknown,,,,unknown
00-0040589,Kurtis Rourke,2025,2026,QB,227,7,5.424950017481403,2000-10-25,25.8507871321013,,True,,,,unknown,,,,unknown,,,,unknown,,,,unknown,,,,unknown
00-0040653,Ricky White,2025,2026,WR,238,7,5.472270673671475,2002-02-06,24.566735112936346,,True,,,,unknown,,,,unknown,,,,unknown,,,,unknown,,,,unknown
00-0040239,Kaden Prather,2025,2026,WR,240,7,5.480638923341991,,,,True,,,,unknown,,,,unknown,,,,unknown,,,,unknown,,,,unknown
00-0040240,Caleb Lohner,2025,2026,TE,241,7,5.484796933490655,2001-10-01,24.917180013689254,,True,,,,unknown,,,,unknown,,,,unknown,,,,unknown,,,,unknown
00-0040247,Junior Bergen,2025,2026,WR,252,7,5.529429087511423,2002-10-23,23.857631759069132,,True,,,,unknown,,,,unknown,,,,unknown,,,,unknown,,,,unknown
00-0040250,Luke Lachey,2025,2026,TE,255,7,5.541263545158426,2001-06-29,25.17453798767967,,True,,,,unknown,,,,unknown,,,,unknown,,,,unknown,,,,unknown
