season,season_type,rows,players,weeks_present,week_min,week_max,n_weeks,positions,rows_missing_player_id,rows_missing_player_id_with_points,rows_missing_fantasy_points_ppr
1999,POST,717,433,18|19|20|21,18,21,4,C|CB|DB|DE|DT|FB|FS|G|ILB|K|LB|LS|MLB|NT|OLB|OT|P|QB|RB|S|TE|WR,0,0,0
1999,REG,16122,1678,1|2|3|4|5|6|7|8|9|10|11|12|13|14|15|16|17,1,17,17,C|CB|DB|DE|DT|FB|FS|G|ILB|K|LB|LS|MLB|NT|OLB|OT|P|QB|RB|S|SAF|TE|WR,0,0,0
2000,POST,724,442,18|19|20|21,18,21,4,C|CB|DB|DE|DT|FB|FS|G|ILB|K|LB|MLB|NT|OLB|OT|P|QB|RB|S|SAF|TE|WR,0,0,0
2000,REG,15899,1647,1|2|3|4|5|6|7|8|9|10|11|12|13|14|15|16|17,1,17,17,C|CB|DB|DE|DT|FB|FS|G|ILB|K|LB|LS|MLB|NT|OLB|OT|P|QB|RB|S|SAF|TE|WR,0,0,0
2001,POST,706,415,18|19|20|21,18,21,4,C|CB|DB|DE|DT|FB|FS|G|ILB|K|LB|LS|MLB|NT|OLB|OT|P|QB|RB|S|TE|WR,4,0,0
2001,REG,16083,1659,1|2|3|4|5|6|7|8|9|10|11|12|13|14|15|16|17,1,17,17,C|CB|DB|DE|DT|FB|FS|G|ILB|K|LB|LS|MLB|NT|OLB|OT|P|QB|RB|S|TE|WR,17,3,0
2002,POST,731,426,18|19|20|21,18,21,4,C|CB|DB|DE|DT|FB|FS|G|ILB|K|LB|MLB|NT|OLB|OT|P|QB|RB|S|TE|WR,4,0,0
2002,REG,16750,1706,1|2|3|4|5|6|7|8|9|10|11|12|13|14|15|16|17,1,17,17,C|CB|DB|DE|DT|FB|FS|G|ILB|K|LB|LS|MLB|NT|OLB|OT|P|QB|RB|S|TE|WR,17,0,0
2003,POST,711,419,18|19|20|21,18,21,4,C|CB|DB|DE|DT|FB|FS|G|ILB|K|LB|LS|MLB|NT|OLB|OT|P|QB|RB|S|TE|WR,4,0,0
2003,REG,16521,1735,1|2|3|4|5|6|7|8|9|10|11|12|13|14|15|16|17,1,17,17,C|CB|DB|DE|DT|FB|FS|G|ILB|K|LB|LS|MLB|NT|OLB|OT|P|QB|RB|S|TE|WR,17,1,0
2004,POST,718,440,18|19|20|21,18,21,4,C|CB|DB|DE|DT|FB|FS|G|ILB|K|LB|LS|MLB|NT|OLB|OT|P|QB|RB|S|TE|WR,4,0,0
2004,REG,16554,1779,1|2|3|4|5|6|7|8|9|10|11|12|13|14|15|16|17,1,17,17,C|CB|DB|DE|DT|FB|FS|G|ILB|K|LB|LS|MLB|NT|OLB|OT|P|QB|RB|S|SAF|TE|WR,17,0,0
2005,POST,704,425,18|19|20|21,18,21,4,C|CB|DB|DE|DT|FB|FS|G|ILB|K|LB|LS|MLB|NT|OLB|OT|P|QB|RB|S|TE|WR,4,0,0
2005,REG,16651,1778,1|2|3|4|5|6|7|8|9|10|11|12|13|14|15|16|17,1,17,17,C|CB|DB|DE|DT|FB|FS|G|ILB|K|LB|LS|MLB|NT|OLB|OT|P|QB|RB|S|TE|WR,17,1,0
2006,POST,719,428,18|19|20|21,18,21,4,C|CB|DB|DE|DT|FB|FS|G|ILB|K|LB|LS|MLB|NT|OLB|OT|P|QB|RB|S|TE|WR,4,0,0
2006,REG,16495,1746,1|2|3|4|5|6|7|8|9|10|11|12|13|14|15|16|17,1,17,17,C|CB|DB|DE|DT|FB|FS|G|ILB|K|LB|LS|MLB|NT|OLB|OT|P|QB|RB|S|SAF|TE|WR,17,0,0
2007,POST,712,423,18|19|20|21,18,21,4,C|CB|DB|DE|DT|FB|FS|G|ILB|K|LB|LS|MLB|NT|OLB|OT|P|QB|RB|S|TE|WR,4,0,0
2007,REG,16553,1776,1|2|3|4|5|6|7|8|9|10|11|12|13|14|15|16|17,1,17,17,C|CB|DB|DE|DT|FB|FS|G|ILB|K|LB|LS|MLB|NT|OLB|OT|P|QB|RB|S|SAF|TE|WR,17,0,0
2008,POST,729,434,18|19|20|21,18,21,4,C|CB|DB|DE|DT|FB|FS|G|ILB|K|LB|LS|MLB|NT|OLB|OT|P|QB|RB|S|TE|WR,4,0,0
2008,REG,16483,1764,1|2|3|4|5|6|7|8|9|10|11|12|13|14|15|16|17,1,17,17,C|CB|DB|DE|DT|FB|FS|G|ILB|K|LB|LS|MLB|NT|OLB|OT|P|QB|RB|S|SAF|TE|WR,17,0,0
2009,POST,719,438,18|19|20|21,18,21,4,C|CB|DB|DE|DT|FB|FS|G|ILB|K|LB|LS|MLB|NT|OLB|OT|P|QB|RB|S|TE|WR,4,0,0
2009,REG,16971,1784,1|2|3|4|5|6|7|8|9|10|11|12|13|14|15|16|17,1,17,17,C|CB|DB|DE|DT|FB|FS|G|ILB|K|LB|LS|MLB|NT|OLB|OT|P|QB|RB|S|SAF|TE|WR,17,0,0
2010,POST,707,418,18|19|20|21,18,21,4,C|CB|DB|DE|DT|FB|FS|G|ILB|K|LB|LS|MLB|NT|OLB|OT|P|QB|RB|S|TE|WR,4,0,0
2010,REG,16883,1819,1|2|3|4|5|6|7|8|9|10|11|12|13|14|15|16|17,1,17,17,C|CB|DB|DE|DT|FB|FS|G|ILB|K|LB|LS|MLB|NT|OLB|OT|P|QB|RB|S|SAF|TE|WR,17,0,0
2011,POST,701,420,18|19|20|21,18,21,4,C|CB|DB|DE|DT|FB|FS|G|ILB|K|LB|LS|MLB|NT|OLB|OT|P|QB|RB|S|TE|WR,4,0,0
2011,REG,16739,1802,1|2|3|4|5|6|7|8|9|10|11|12|13|14|15|16|17,1,17,17,C|CB|DB|DE|DL|DT|FB|FS|G|ILB|K|LB|LS|MLB|NT|OLB|OT|P|QB|RB|S|TE|WR,17,0,0
2012,POST,690,421,18|19|20|21,18,21,4,C|CB|DB|DE|DT|FB|FS|G|ILB|K|LB|LS|MLB|NT|OLB|OT|P|QB|RB|S|TE|WR,4,0,0
2012,REG,16729,1810,1|2|3|4|5|6|7|8|9|10|11|12|13|14|15|16|17,1,17,17,C|CB|DB|DE|DL|DT|FB|FS|G|ILB|K|LB|LS|MLB|NT|OLB|OT|P|QB|RB|S|TE|WR,17,1,0
2013,POST,697,417,18|19|20|21,18,21,4,C|CB|DB|DE|DL|DT|FB|FS|G|ILB|K|LB|LS|MLB|NT|OLB|OT|P|QB|RB|S|TE|WR,4,0,0
2013,REG,16551,1791,1|2|3|4|5|6|7|8|9|10|11|12|13|14|15|16|17,1,17,17,C|CB|DB|DE|DL|DT|FB|FS|G|ILB|K|LB|LS|MLB|NT|OLB|OT|P|QB|RB|S|SAF|TE|WR,17,0,0
2014,POST,732,442,18|19|20|21,18,21,4,C|CB|DB|DE|DL|DT|FB|FS|G|ILB|K|LB|LS|MLB|NT|OLB|OT|P|QB|RB|S|TE|WR,4,0,0
2014,REG,16890,1849,1|2|3|4|5|6|7|8|9|10|11|12|13|14|15|16|17,1,17,17,C|CB|DB|DE|DL|DT|FB|FS|G|ILB|K|LB|LS|MLB|NT|OLB|OT|P|QB|RB|S|SAF|TE|WR,17,0,0
2015,POST,708,439,18|19|20|21,18,21,4,C|CB|DB|DE|DL|DT|FB|FS|G|ILB|K|LB|LS|MLB|NT|OLB|OT|P|QB|RB|S|TE|WR,4,0,0
2015,REG,16905,1845,1|2|3|4|5|6|7|8|9|10|11|12|13|14|15|16|17,1,17,17,C|CB|DB|DE|DL|DT|FB|FS|G|ILB|K|LB|LS|MLB|NT|OLB|OT|P|QB|RB|S|SAF|TE|WR,17,0,0
2016,POST,712,433,18|19|20|21,18,21,4,C|CB|DB|DE|DT|FB|FS|G|ILB|K|LB|MLB|NT|OLB|OT|P|QB|RB|S|SAF|TE|WR,4,0,0
2016,REG,16840,1855,1|2|3|4|5|6|7|8|9|10|11|12|13|14|15|16|17,1,17,17,C|CB|DB|DE|DL|DT|FB|FS|G|ILB|K|LB|LS|MLB|NT|OLB|OT|P|QB|RB|S|SAF|TE|WR,17,0,0
2017,POST,691,416,18|19|20|21,18,21,4,C|CB|DB|DE|DL|DT|FB|FS|G|ILB|K|LB|LS|MLB|NT|OLB|OT|P|QB|RB|S|TE|WR,4,0,0
2017,REG,16786,1868,1|2|3|4|5|6|7|8|9|10|11|12|13|14|15|16|17,1,17,17,C|CB|DB|DE|DL|DT|FB|FS|G|ILB|K|LB|LS|MLB|NT|OLB|OT|P|QB|RB|S|SAF|TE|WR,17,0,0
2018,POST,686,421,18|19|20|21,18,21,4,C|CB|DB|DE|DL|DT|FB|FS|G|ILB|K|LB|LS|MLB|NT|OLB|OT|P|QB|RB|S|SAF|TE|WR,4,0,0
2018,REG,16728,1883,1|2|3|4|5|6|7|8|9|10|11|12|13|14|15|16|17,1,17,17,C|CB|DB|DE|DL|DT|FB|FS|G|ILB|K|LB|LS|MLB|NT|OLB|OT|P|QB|RB|S|SAF|TE|WR,17,0,0
2019,POST,699,430,18|19|20|21,18,21,4,C|CB|DB|DE|DT|FB|FS|G|ILB|K|LB|LS|MLB|NT|OLB|OT|P|QB|RB|S|SAF|TE|WR,4,0,0
2019,REG,16663,1888,1|2|3|4|5|6|7|8|9|10|11|12|13|14|15|16|17,1,17,17,C|CB|DB|DE|DL|DT|FB|FS|G|ILB|K|LB|LS|MLB|NT|OLB|OT|P|QB|RB|S|SAF|TE|WR,17,0,0
2020,POST,828,510,18|19|20|21,18,21,4,C|CB|DB|DE|DL|DT|FB|FS|G|ILB|K|LB|LS|MLB|NT|OLB|OT|P|QB|RB|S|SAF|TE|WR,4,0,0
2020,REG,16774,1983,1|2|3|4|5|6|7|8|9|10|11|12|13|14|15|16|17,1,17,17,C|CB|DB|DE|DL|DT|FB|FS|G|ILB|K|LB|LS|MLB|NT|OLB|OT|P|QB|RB|S|SAF|TE|WR,17,0,0
2021,POST,841,520,19|20|21|22,19,22,4,C|CB|DB|DE|DL|DT|FB|FS|G|ILB|K|LB|LS|MLB|NT|OLB|OT|P|QB|RB|S|SAF|TE|WR,4,0,0
2021,REG,18128,2081,1|2|3|4|5|6|7|8|9|10|11|12|13|14|15|16|17|18,1,18,18,C|CB|DB|DE|DL|DT|FB|FS|G|ILB|K|LB|LS|MLB|NT|OLB|OT|P|QB|RB|S|SAF|TE|WR,18,0,0
2022,POST,850,517,19|20|21|22,19,22,4,C|CB|DB|DE|DL|DT|FB|FS|G|ILB|K|LB|LS|MLB|NT|OLB|OT|P|QB|RB|S|SAF|TE|WR,4,0,0
2022,REG,17981,2006,1|2|3|4|5|6|7|8|9|10|11|12|13|14|15|16|17|18,1,18,18,C|CB|DB|DE|DL|DT|FB|FS|G|ILB|K|LB|LS|MLB|NT|OLB|OT|P|QB|RB|S|SAF|TE|WR,18,0,0
2023,POST,837,498,19|20|21|22,19,22,4,C|CB|DB|DE|DL|DT|FB|FS|G|ILB|K|LB|MLB|NT|OLB|OT|P|QB|RB|S|SAF|TE|WR,4,0,0
2023,REG,17806,1942,1|2|3|4|5|6|7|8|9|10|11|12|13|14|15|16|17|18,1,18,18,C|CB|DB|DE|DL|DT|FB|FS|G|ILB|K|LB|LS|MLB|NT|OL|OLB|OT|P|QB|RB|S|SAF|TE|WR,18,0,0
2024,POST,853,496,19|20|21|22,19,22,4,C|CB|DB|DE|DL|DT|FB|FS|G|ILB|K|LB|LS|MLB|NT|OLB|OT|P|QB|RB|S|SAF|TE|WR,4,0,0
2024,REG,18130,1996,1|2|3|4|5|6|7|8|9|10|11|12|13|14|15|16|17|18,1,18,18,C|CB|DB|DE|DL|DT|FB|FS|G|ILB|K|LB|LS|MLB|NT|OL|OLB|OT|P|QB|RB|S|SAF|TE|WR,18,0,0
2025,POST,882,528,19|20|21|22,19,22,4,C|CB|DB|DE|DT|FB|FS|G|K|LB|LS|MLB|NT|OL|OLB|OT|P|QB|RB|S|SAF|TE|WR,4,0,0
2025,REG,18540,2019,1|2|3|4|5|6|7|8|9|10|11|12|13|14|15|16|17|18,1,18,18,C|CB|DB|DE|DL|DT|FB|FS|G|ILB|K|LB|LS|MLB|NT|OL|OLB|OT|P|QB|RB|S|SAF|TE|WR,18,0,0
